-- Adminer 4.7.3 PostgreSQL dump

\connect "Mysite";

DROP TABLE IF EXISTS "Contact";
DROP SEQUENCE IF EXISTS "Contact_id_seq";
CREATE SEQUENCE "Contact_id_seq" INCREMENT  MINVALUE  MAXVALUE  START 1 CACHE ;

CREATE TABLE "public"."Contact" (
    "id" integer DEFAULT nextval('"Contact_id_seq"') NOT NULL,
    "first_name" character varying(255) NOT NULL,
    "last_name" character varying(255) NOT NULL,
    "email" character varying(255) NOT NULL,
    "phoneno" character varying(12) NOT NULL,
    "msg" character varying(300) NOT NULL,
    CONSTRAINT "Contact_pkey" PRIMARY KEY ("id")
) WITH (oids = false);

INSERT INTO "Contact" ("id", "first_name", "last_name", "email", "phoneno", "msg") VALUES
(20,	'Rayees',	'Ac',	'acr9030@gmail.com',	'7902343487',	'test');

DROP TABLE IF EXISTS "Country";
DROP SEQUENCE IF EXISTS afl_user_country_id_seq;
CREATE SEQUENCE afl_user_country_id_seq INCREMENT 1 MINVALUE 1 MAXVALUE 2147483647 START 1 CACHE 1;

CREATE TABLE "public"."Country" (
    "id" integer DEFAULT nextval('afl_user_country_id_seq') NOT NULL,
    "name" character varying(100) NOT NULL,
    CONSTRAINT "afl_user_country_pkey" PRIMARY KEY ("id")
) WITH (oids = false);

INSERT INTO "Country" ("id", "name") VALUES
(1,	'Afghanistan'),
(2,	'Albania'),
(3,	'Algeria'),
(5,	'Andorra'),
(6,	'Angola'),
(9,	'Antigua And Barbuda'),
(10,	'Argentina'),
(11,	'Armenia'),
(13,	'Australia'),
(14,	'Austria'),
(15,	'Azerbaijan'),
(16,	'Bahamas The'),
(17,	'Bahrain'),
(18,	'Bangladesh'),
(19,	'Barbados'),
(20,	'Belarus'),
(21,	'Belgium'),
(22,	'Belize'),
(23,	'Benin'),
(25,	'Bhutan'),
(26,	'Bolivia'),
(27,	'Bosnia and Herzegovina'),
(28,	'Botswana'),
(30,	'Brazil'),
(32,	'Brunei'),
(33,	'Bulgaria'),
(34,	'Burkina Faso'),
(35,	'Burundi'),
(36,	'Cambodia'),
(37,	'Cameroon'),
(38,	'Canada'),
(39,	'Cape Verde'),
(41,	'Central African Republic'),
(42,	'Chad'),
(43,	'Chile'),
(44,	'China'),
(47,	'Colombia'),
(48,	'Comoros'),
(49,	'Republic Of The Congo'),
(50,	'Democratic Republic Of The Congo'),
(52,	'Costa Rica'),
(53,	'Cote D Ivoire (Ivory Coast)'),
(54,	'Croatia (Hrvatska)'),
(55,	'Cuba'),
(56,	'Cyprus'),
(57,	'Czech Republic'),
(58,	'Denmark'),
(59,	'Djibouti'),
(60,	'Dominica'),
(61,	'Dominican Republic'),
(63,	'Ecuador'),
(64,	'Egypt'),
(65,	'El Salvador'),
(66,	'Equatorial Guinea'),
(67,	'Eritrea'),
(68,	'Estonia'),
(69,	'Ethiopia'),
(73,	'Fiji Islands'),
(74,	'Finland'),
(75,	'France'),
(79,	'Gabon'),
(80,	'Gambia The'),
(81,	'Georgia'),
(82,	'Germany'),
(83,	'Ghana'),
(85,	'Greece'),
(86,	'Greenland'),
(87,	'Grenada'),
(90,	'Guatemala'),
(92,	'Guinea'),
(93,	'Guinea-Bissau'),
(94,	'Guyana'),
(95,	'Haiti'),
(97,	'Honduras'),
(99,	'Hungary'),
(100,	'Iceland'),
(101,	'India'),
(102,	'Indonesia'),
(103,	'Iran'),
(104,	'Iraq'),
(105,	'Ireland'),
(106,	'Israel'),
(107,	'Italy'),
(108,	'Jamaica'),
(109,	'Japan'),
(111,	'Jordan'),
(112,	'Kazakhstan'),
(113,	'Kenya'),
(114,	'Kiribati'),
(115,	'Korea North'),
(116,	'Korea South'),
(117,	'Kuwait'),
(118,	'Kyrgyzstan'),
(119,	'Laos'),
(120,	'Latvia'),
(121,	'Lebanon'),
(122,	'Lesotho'),
(123,	'Liberia'),
(124,	'Libya'),
(125,	'Liechtenstein'),
(126,	'Lithuania'),
(127,	'Luxembourg'),
(129,	'Macedonia'),
(130,	'Madagascar'),
(131,	'Malawi'),
(132,	'Malaysia'),
(133,	'Maldives'),
(134,	'Mali'),
(135,	'Malta'),
(137,	'Marshall Islands'),
(139,	'Mauritania'),
(140,	'Mauritius'),
(142,	'Mexico'),
(143,	'Micronesia'),
(144,	'Moldova'),
(145,	'Monaco'),
(146,	'Mongolia'),
(148,	'Morocco'),
(149,	'Mozambique'),
(150,	'Myanmar'),
(151,	'Namibia'),
(152,	'Nauru'),
(153,	'Nepal'),
(155,	'Netherlands The'),
(157,	'New Zealand'),
(158,	'Nicaragua'),
(159,	'Niger'),
(160,	'Nigeria'),
(164,	'Norway'),
(165,	'Oman'),
(166,	'Pakistan'),
(167,	'Palau'),
(168,	'Palestinian Territory Occupied'),
(169,	'Panama'),
(170,	'Papua new Guinea'),
(171,	'Paraguay'),
(172,	'Peru'),
(173,	'Philippines'),
(175,	'Poland'),
(176,	'Portugal'),
(178,	'Qatar'),
(180,	'Romania'),
(181,	'Russia'),
(182,	'Rwanda'),
(183,	'Saint Helena'),
(184,	'Saint Kitts And Nevis'),
(185,	'Saint Lucia'),
(187,	'Saint Vincent And The Grenadines'),
(188,	'Samoa'),
(189,	'San Marino'),
(190,	'Sao Tome and Principe'),
(191,	'Saudi Arabia'),
(192,	'Senegal'),
(193,	'Serbia'),
(194,	'Seychelles'),
(195,	'Sierra Leone'),
(196,	'Singapore'),
(197,	'Slovakia'),
(198,	'Slovenia'),
(200,	'Solomon Islands'),
(201,	'Somalia'),
(202,	'South Africa'),
(204,	'South Sudan'),
(205,	'Spain'),
(206,	'Sri Lanka'),
(207,	'Sudan'),
(208,	'Suriname'),
(210,	'Swaziland'),
(211,	'Sweden'),
(212,	'Switzerland'),
(213,	'Syria'),
(214,	'Taiwan'),
(215,	'Tajikistan'),
(216,	'Tanzania'),
(217,	'Thailand'),
(218,	'Togo'),
(220,	'Tonga'),
(221,	'Trinidad And Tobago'),
(222,	'Tunisia'),
(223,	'Turkey'),
(224,	'Turkmenistan'),
(226,	'Tuvalu'),
(227,	'Uganda'),
(228,	'Ukraine'),
(229,	'United Arab Emirates'),
(230,	'United Kingdom'),
(231,	'United States'),
(232,	'United States Minor Outlying Islands'),
(233,	'Uruguay'),
(234,	'Uzbekistan'),
(235,	'Vanuatu'),
(237,	'Venezuela'),
(238,	'Vietnam'),
(243,	'Yemen'),
(245,	'Zambia'),
(246,	'Zimbabwe'),
(247,	'Hong Kong');

DROP TABLE IF EXISTS "Profile";
DROP SEQUENCE IF EXISTS "Profile_id_seq";
CREATE SEQUENCE "Profile_id_seq" INCREMENT  MINVALUE  MAXVALUE  START 1 CACHE ;

CREATE TABLE "public"."Profile" (
    "id" integer DEFAULT nextval('"Profile_id_seq"') NOT NULL,
    "img" character varying(100),
    "address" character varying(500) NOT NULL,
    "pin" character varying(6),
    "DOB" date,
    "country_id" integer,
    "state_id" integer,
    "user_id" integer NOT NULL,
    CONSTRAINT "Profile_pkey" PRIMARY KEY ("id"),
    CONSTRAINT "Profile_user_id_fa0e72a2_uniq" UNIQUE ("user_id"),
    CONSTRAINT "Profile_country_id_9b3301ba_fk_afl_user_country_id" FOREIGN KEY (country_id) REFERENCES "Country"(id) DEFERRABLE INITIALLY DEFERRED DEFERRABLE,
    CONSTRAINT "Profile_state_id_871ce36f_fk_afl_user_state_id" FOREIGN KEY (state_id) REFERENCES "State"(id) DEFERRABLE INITIALLY DEFERRED DEFERRABLE,
    CONSTRAINT "Profile_user_id_fa0e72a2_fk_auth_user_id" FOREIGN KEY (user_id) REFERENCES auth_user(id) DEFERRABLE INITIALLY DEFERRED DEFERRABLE
) WITH (oids = false);

CREATE INDEX "Profile_country_id_9b3301ba" ON "public"."Profile" USING btree ("country_id");

CREATE INDEX "Profile_state_id_871ce36f" ON "public"."Profile" USING btree ("state_id");


DROP TABLE IF EXISTS "State";
DROP SEQUENCE IF EXISTS afl_user_state_id_seq;
CREATE SEQUENCE afl_user_state_id_seq INCREMENT 1 MINVALUE 1 MAXVALUE 2147483647 START 1 CACHE 1;

CREATE TABLE "public"."State" (
    "id" integer DEFAULT nextval('afl_user_state_id_seq') NOT NULL,
    "name" character varying(100) NOT NULL,
    "country_id" integer NOT NULL,
    CONSTRAINT "afl_user_state_pkey" PRIMARY KEY ("id"),
    CONSTRAINT "afl_user_state_country_id_573e4c97_fk_afl_user_country_id" FOREIGN KEY (country_id) REFERENCES "Country"(id) DEFERRABLE INITIALLY DEFERRED DEFERRABLE
) WITH (oids = false);

CREATE INDEX "afl_user_state_country_id_573e4c97" ON "public"."State" USING btree ("country_id");

INSERT INTO "State" ("id", "name", "country_id") VALUES
(1,	'Badakhshān',	1),
(2,	'Baghlān	',	1),
(3,	'Balkh	',	1),
(4,	'Bādghīs	',	1),
(5,	'Bāmyān	',	1),
(6,	'Dāykundī	',	1),
(7,	'Farāh	',	1),
(8,	'Fāryāb	',	1),
(9,	'Ghaznī	',	1),
(10,	'Ghōr	',	1),
(11,	'Helmand	',	1),
(12,	'Herāt	',	1),
(13,	'Jowzjān	',	1),
(14,	'Kandahār	',	1),
(15,	'Khōst	',	1),
(16,	'Kunar	',	1),
(17,	'Kunduz	',	1),
(18,	'Kābul	',	1),
(19,	'Kāpīsā	',	1),
(20,	'Laghmān	',	1),
(21,	'Lōgar	',	1),
(22,	'Nangarhār	',	1),
(23,	'Nīmrōz	',	1),
(24,	'Nūristān	',	1),
(25,	'Paktiyā	',	1),
(26,	'Paktīkā	',	1),
(27,	'Panjshayr	',	1),
(28,	'Parwān	',	1),
(29,	'Samangān	',	1),
(30,	'Sar-e Pul	',	1),
(31,	'Takhār	',	1),
(32,	'Uruzgān	',	1),
(33,	'Wardak	',	1),
(34,	'Zābul	',	1),
(35,	'Berat	',	2),
(36,	'Dibër	',	2),
(37,	'Durrës	',	2),
(38,	'Elbasan	',	2),
(39,	'Fier	',	2),
(40,	'Gjirokastër	',	2),
(41,	'Korçë	',	2),
(42,	'Kukës	',	2),
(43,	'Lezhë	',	2),
(44,	'Shkodër	',	2),
(45,	'Tiranë	',	2),
(46,	'Vlorë	',	2),
(47,	'Adrar	',	3),
(48,	'Alger	',	3),
(49,	'Annaba	',	3),
(50,	'Aïn Defla	',	3),
(51,	'Aïn Témouchent	',	3),
(52,	'Batna	',	3),
(53,	'Biskra	',	3),
(54,	'Blida	',	3),
(55,	'Bordj Bou Arréridj	',	3),
(56,	'Bouira	',	3),
(57,	'Boumerdès	',	3),
(58,	'Béchar	',	3),
(59,	'Béjaïa	',	3),
(60,	'Chlef	',	3),
(61,	'Constantine	',	3),
(62,	'Djelfa	',	3),
(63,	'El Bayadh	',	3),
(64,	'El Oued	',	3),
(65,	'El Tarf	',	3),
(66,	'Ghardaïa	',	3),
(67,	'Guelma	',	3),
(68,	'Illizi	',	3),
(69,	'Jijel	',	3),
(70,	'Khenchela	',	3),
(71,	'Laghouat	',	3),
(72,	'Mascara	',	3),
(73,	'Mila	',	3),
(74,	'Mostaganem	',	3),
(75,	'Msila	',	3),
(76,	'Médéa	',	3),
(77,	'Naama	',	3),
(78,	'Oran	',	3),
(79,	'Ouargla	',	3),
(80,	'Oum el Bouaghi	',	3),
(81,	'Relizane	',	3),
(82,	'Saïda	',	3),
(83,	'Sidi Bel Abbès	',	3),
(84,	'Skikda	',	3),
(85,	'Souk Ahras	',	3),
(86,	'Sétif	',	3),
(87,	'Tamanghasset	',	3),
(88,	'Tiaret	',	3),
(89,	'Tindouf	',	3),
(90,	'Tipaza	',	3),
(91,	'Tissemsilt	',	3),
(92,	'Tizi Ouzou	',	3),
(93,	'Tlemcen	',	3),
(94,	'Tébessa	',	3),
(95,	'Andorra la Vella	',	5),
(96,	'Canillo	',	5),
(97,	'Encamp	',	5),
(98,	'Escaldes-Engordany	',	5),
(99,	'La Massana	',	5),
(100,	'Ordino	',	5),
(101,	'Sant Julià de Lòria	',	5),
(102,	'Bengo	',	6),
(103,	'Benguela	',	6),
(104,	'Bié	',	6),
(105,	'Cabinda	',	6),
(106,	'Cunene	',	6),
(107,	'Huambo	',	6),
(108,	'Huíla	',	6),
(109,	'Kuando Kubango	',	6),
(110,	'Kwanza Norte	',	6),
(111,	'Kwanza Sul	',	6),
(112,	'Luanda	',	6),
(113,	'Lunda Norte	',	6),
(114,	'Lunda Sul	',	6),
(115,	'Malange	',	6),
(116,	'Moxico	',	6),
(117,	'Namibe	',	6),
(118,	'Uíge	',	6),
(119,	'Zaire	',	6),
(120,	'Barbuda	',	9),
(121,	'Redonda	',	9),
(122,	'Saint George	',	9),
(123,	'Saint John	',	9),
(124,	'Saint Mary	',	9),
(125,	'Saint Paul	',	9),
(126,	'Saint Peter	',	9),
(127,	'Saint Philip	',	9),
(128,	'Buenos Aires	',	10),
(129,	'Catamarca	',	10),
(130,	'Chaco	',	10),
(131,	'Chubut	',	10),
(132,	'Ciudad Autónoma de Buenos Aires	',	10),
(133,	'Corrientes	',	10),
(134,	'Córdoba	',	10),
(135,	'Entre Ríos	',	10),
(136,	'Formosa	',	10),
(137,	'Jujuy	',	10),
(138,	'La Pampa	',	10),
(139,	'La Rioja	',	10),
(140,	'Mendoza	',	10),
(141,	'Misiones	',	10),
(142,	'Neuquén	',	10),
(143,	'Río Negro	',	10),
(144,	'Salta	',	10),
(145,	'San Juan	',	10),
(146,	'San Luis	',	10),
(147,	'Santa Cruz	',	10),
(148,	'Santa Fe	',	10),
(149,	'Santiago del Estero	',	10),
(150,	'Tierra del Fuego	',	10),
(151,	'Tucumán	',	10),
(152,	'Aragac̣otn	',	11),
(153,	'Ararat	',	11),
(154,	'Armavir	',	11),
(155,	'Erevan	',	11),
(156,	'Geġark unik	',	11),
(157,	'Kotayk	',	11),
(158,	'Loṙi	',	11),
(159,	'Syunik	',	11),
(160,	'Tavuš	',	11),
(161,	'Vayoć Jor	',	11),
(162,	'Širak	',	11),
(163,	'Australian Capital Territory	',	13),
(164,	'New South Wales	',	13),
(165,	'Northern Territory	',	13),
(166,	'Queensland	',	13),
(167,	'South Australia	',	13),
(168,	'Tasmania	',	13),
(169,	'Victoria	',	13),
(170,	'Western Australia	',	13),
(171,	'Burgenland	',	14),
(172,	'Kärnten	',	14),
(173,	'Niederösterreich	',	14),
(174,	'Oberösterreich	',	14),
(175,	'Salzburg	',	14),
(176,	'Steiermark	',	14),
(177,	'Tirol	',	14),
(178,	'Vorarlberg	',	14),
(179,	'Wien	',	14),
(180,	'Naxçıvan	',	15),
(181,	'Acklins	',	16),
(182,	'Berry Islands	',	16),
(183,	'Bimini	',	16),
(184,	'Black Point	',	16),
(185,	'Cat Island	',	16),
(186,	'Central Abaco	',	16),
(187,	'Central Andros	',	16),
(188,	'Central Eleuthera	',	16),
(189,	'City of Freeport	',	16),
(190,	'Crooked Island and Long Cay	',	16),
(191,	'East Grand Bahama	',	16),
(192,	'Exuma	',	16),
(193,	'Grand Cay	',	16),
(194,	'Harbour Island	',	16),
(195,	'Hope Town	',	16),
(196,	'Inagua	',	16),
(197,	'Long Island	',	16),
(198,	'Mangrove Cay	',	16),
(199,	'Mayaguana	',	16),
(200,	'Moores Island	',	16),
(201,	'North Abaco	',	16),
(202,	'North Andros	',	16),
(203,	'North Eleuthera	',	16),
(204,	'Ragged Island	',	16),
(205,	'Rum Cay	',	16),
(206,	'San Salvador	',	16),
(207,	'South Abaco	',	16),
(208,	'South Andros	',	16),
(209,	'South Eleuthera	',	16),
(210,	'Spanish Wells	',	16),
(211,	'West Grand Bahama	',	16),
(212,	'Al Janubiyah	',	17),
(213,	'Al Manamah	',	17),
(214,	'Al Muharraq	',	17),
(215,	'Al Wusta	',	17),
(216,	'Ash Shamaliyah	',	17),
(217,	'Barisal	',	18),
(218,	'Chittagong	',	18),
(219,	'Dhaka	',	18),
(220,	'Khulna	',	18),
(221,	'Rajshahi	',	18),
(222,	'Rangpur	',	18),
(223,	'Sylhet	',	18),
(224,	'Christ Church	',	19),
(225,	'Saint Andrew	',	19),
(226,	'Saint George	',	19),
(227,	'Saint James	',	19),
(228,	'Saint John	',	19),
(229,	'Saint Joseph	',	19),
(230,	'Saint Lucy	',	19),
(231,	'Saint Michael	',	19),
(232,	'Saint Peter	',	19),
(233,	'Saint Philip	',	19),
(234,	'Saint Thomas	',	19),
(235,	'Brestskaya voblasts	',	20),
(236,	'Homyel skaya voblasts	',	20),
(237,	'Horad Minsk	',	20),
(238,	'Hrodzenskaya voblasts	',	20),
(239,	'Mahilyowskaya voblasts	',	20),
(240,	'Minskaya voblasts	',	20),
(241,	'Vitsyebskaya voblasts	',	20),
(242,	'Brussels Hoofdstedelijk Gewest	',	21),
(243,	'Région Wallonne	',	21),
(244,	'Vlaams Gewest	',	21),
(245,	'Belize	',	22),
(246,	'Cayo	',	22),
(247,	'Corozal	',	22),
(248,	'Orange Walk	',	22),
(249,	'Stann Creek	',	22),
(250,	'Toledo	',	22),
(251,	'Alibori	',	23),
(252,	'Atakora	',	23),
(253,	'Atlantique	',	23),
(254,	'Borgou	',	23),
(255,	'Collines	',	23),
(256,	'Donga	',	23),
(257,	'Kouffo	',	23),
(258,	'Littoral	',	23),
(259,	'Mono	',	23),
(260,	'Ouémé	',	23),
(261,	'Plateau	',	23),
(262,	'Zou	',	23),
(263,	'Bumthang	',	25),
(264,	'Chhukha	',	25),
(265,	'Dagana	',	25),
(266,	'Gasa	',	25),
(267,	'Ha	',	25),
(268,	'Lhuentse	',	25),
(269,	'Monggar	',	25),
(270,	'Paro	',	25),
(271,	'Pemagatshel	',	25),
(272,	'Punakha	',	25),
(273,	'Samdrup Jongkha	',	25),
(274,	'Samtse	',	25),
(275,	'Sarpang	',	25),
(276,	'Thimphu	',	25),
(277,	'Trashi Yangtse	',	25),
(278,	'Trashigang	',	25),
(279,	'Trongsa	',	25),
(280,	'Tsirang	',	25),
(281,	'Wangdue Phodrang	',	25),
(282,	'Zhemgang	',	25),
(283,	'Chuquisaca	',	26),
(284,	'Cochabamba	',	26),
(285,	'El Beni	',	26),
(286,	'La Paz	',	26),
(287,	'Oruro	',	26),
(288,	'Pando	',	26),
(289,	'Potosí	',	26),
(290,	'Santa Cruz	',	26),
(291,	'Tarija	',	26),
(292,	'Brčko distrikt	',	27),
(293,	'Federacija Bosna i Hercegovina	',	27),
(294,	'Republika Srpska	',	27),
(295,	'Central	',	28),
(296,	'Chobe	',	28),
(297,	'Francistown	',	28),
(298,	'Gaborone	',	28),
(299,	'Ghanzi	',	28),
(300,	'Jwaneng	',	28),
(301,	'Kgalagadi	',	28),
(302,	'Kgatleng	',	28),
(303,	'Kweneng	',	28),
(304,	'Lobatse	',	28),
(305,	'North-East	',	28),
(306,	'North-West	',	28),
(307,	'Selibe Phikwe	',	28),
(308,	'South-East	',	28),
(309,	'Southern	',	28),
(310,	'Sowa Town	',	28),
(311,	'Acre	',	30),
(312,	'Alagoas	',	30),
(313,	'Amapá	',	30),
(314,	'Amazonas	',	30),
(315,	'Bahia	',	30),
(316,	'Ceará	',	30),
(317,	'Distrito Federal	',	30),
(318,	'Espírito Santo	',	30),
(319,	'Goiás	',	30),
(320,	'Maranhão	',	30),
(321,	'Mato Grosso	',	30),
(322,	'Mato Grosso do Sul	',	30),
(323,	'Minas Gerais	',	30),
(324,	'Paraná	',	30),
(325,	'Paraíba	',	30),
(326,	'Pará	',	30),
(327,	'Pernambuco	',	30),
(328,	'Piauí	',	30),
(329,	'Rio Grande do Norte	',	30),
(330,	'Rio Grande do Sul	',	30),
(331,	'Rio de Janeiro	',	30),
(332,	'Rondônia	',	30),
(333,	'Roraima	',	30),
(334,	'Santa Catarina	',	30),
(335,	'Sergipe	',	30),
(336,	'São Paulo	',	30),
(337,	'Tocantins	',	30),
(338,	'Ad Dākhilīyah	',	165),
(339,	'Al Buraymī	',	165),
(340,	'Al Bāţinah	',	165),
(341,	'Al Wusţá	',	165),
(342,	'Ash Sharqīyah	',	165),
(343,	'Az̧ Z̧āhirah	',	165),
(344,	'Masqaţ	',	165),
(345,	'Musandam	',	165),
(346,	'Z̧ufār	',	165),
(347,	'Belait	',	32),
(348,	'Brunei-Muara	',	32),
(349,	'Temburong	',	32),
(350,	'Tutong	',	32),
(351,	'Blagoevgrad	',	33),
(352,	'Burgas	',	33),
(353,	'Dobrich	',	33),
(354,	'Gabrovo	',	33),
(355,	'Haskovo	',	33),
(356,	'Kardzhali	',	33),
(357,	'Kyustendil	',	33),
(358,	'Lovech	',	33),
(359,	'Montana	',	33),
(360,	'Pazardzhik	',	33),
(361,	'Pernik	',	33),
(362,	'Pleven	',	33),
(363,	'Plovdiv	',	33),
(364,	'Razgrad	',	33),
(365,	'Ruse	',	33),
(366,	'Shumen	',	33),
(367,	'Silistra	',	33),
(368,	'Sliven	',	33),
(369,	'Smolyan	',	33),
(370,	'Sofia	',	33),
(371,	'Sofia-Grad	',	33),
(372,	'Stara Zagora	',	33),
(373,	'Targovishte	',	33),
(374,	'Varna	',	33),
(375,	'Veliko Tarnovo	',	33),
(376,	'Vidin	',	33),
(377,	'Vratsa	',	33),
(378,	'Yambol	',	33),
(379,	'Boucle du Mouhoun	',	34),
(380,	'Cascades	',	34),
(381,	'Centre	',	34),
(382,	'Centre-Est	',	34),
(383,	'Centre-Nord	',	34),
(384,	'Centre-Ouest	',	34),
(385,	'Centre-Sud	',	34),
(386,	'Est	',	34),
(387,	'Hauts-Bassins	',	34),
(388,	'Nord	',	34),
(389,	'Plateau-Central	',	34),
(390,	'Sahel	',	34),
(391,	'Sud-Ouest	',	34),
(392,	'Bubanza	',	35),
(393,	'Bujumbura Mairie	',	35),
(394,	'Bujumbura Rural	',	35),
(395,	'Bururi	',	35),
(396,	'Cankuzo	',	35),
(397,	'Cibitoke	',	35),
(398,	'Gitega	',	35),
(399,	'Karuzi	',	35),
(400,	'Kayanza	',	35),
(401,	'Kirundo	',	35),
(402,	'Makamba	',	35),
(403,	'Muramvya	',	35),
(404,	'Muyinga	',	35),
(405,	'Mwaro	',	35),
(406,	'Ngozi	',	35),
(407,	'Rutana	',	35),
(408,	'Ruyigi	',	35),
(409,	'Baat Dambang	',	36),
(410,	'Banteay Mean Chey	',	36),
(411,	'Kampong Chaam	',	36),
(412,	'Kampong Chhnang	',	36),
(413,	'Kampong Spueu	',	36),
(414,	'Kampong Thum	',	36),
(415,	'Kampot	',	36),
(416,	'Kandaal	',	36),
(417,	'Kaoh Kong	',	36),
(418,	'Kracheh	',	36),
(419,	'Krong Kaeb	',	36),
(420,	'Krong Pailin	',	36),
(421,	'Krong Preah Sihanouk	',	36),
(422,	'Mondol Kiri	',	36),
(423,	'Otdar Mean Chey	',	36),
(424,	'Phnom Penh	',	36),
(425,	'Pousaat	',	36),
(426,	'Preah Vihear	',	36),
(427,	'Prey Veaeng	',	36),
(428,	'Rotanak Kiri	',	36),
(429,	'Siem Reab	',	36),
(430,	'Stueng Traeng	',	36),
(431,	'Svaay Rieng	',	36),
(432,	'Taakaev	',	36),
(433,	'Adamaoua	',	37),
(434,	'Centre	',	37),
(435,	'East	',	37),
(436,	'Far North	',	37),
(437,	'Littoral	',	37),
(438,	'North	',	37),
(439,	'North-West	',	37),
(440,	'South	',	37),
(441,	'South-West	',	37),
(442,	'West	',	37),
(443,	'Alberta	',	38),
(444,	'British Columbia	',	38),
(445,	'Manitoba	',	38),
(446,	'New Brunswick	',	38),
(447,	'Newfoundland and Labrador	',	38),
(448,	'Nova Scotia	',	38),
(449,	'Ontario	',	38),
(450,	'Prince Edward Island	',	38),
(451,	'Quebec	',	38),
(452,	'Saskatchewan	',	38),
(453,	'Northwest Territories	',	38),
(454,	'Nunavut	',	38),
(455,	'Yukon	',	38),
(456,	'Ilhas de Barlavento	',	39),
(457,	'Ilhas de Sotavento	',	39),
(458,	'Bamingui-Bangoran	',	41),
(459,	'Bangui	',	41),
(460,	'Basse-Kotto	',	41),
(461,	'Gribingui	',	41),
(462,	'Haut-Mbomou	',	41),
(463,	'Haute-Kotto	',	41),
(464,	'Haute-Sangha / Mambéré-Kadéï	',	41),
(465,	'Kémo-Gribingui	',	41),
(466,	'Lobaye	',	41),
(467,	'Mbomou	',	41),
(468,	'Nana-Mambéré	',	41),
(469,	'Ombella-Mpoko	',	41),
(470,	'Ouaka	',	41),
(471,	'Ouham	',	41),
(472,	'Ouham-Pendé	',	41),
(473,	'Sangha	',	41),
(474,	'Vakaga	',	41),
(475,	'Al Baṭḩah	',	42),
(476,	'Al Buḩayrah	',	42),
(477,	'Baḩr al Ghazāl	',	42),
(478,	'Būrkū	',	42),
(479,	'Innīdī	',	42),
(480,	'Kānim	',	42),
(481,	'Lūqūn al Gharbī	',	42),
(482,	'Lūqūn ash Sharqī	',	42),
(483,	'Madīnat Injamīnā	',	42),
(484,	'Māndūl	',	42),
(485,	'Māyū Kībbī al Gharbī	',	42),
(486,	'Māyū Kībbī ash Sharqī	',	42),
(487,	'Qīrā	',	42),
(488,	'Salāmāt	',	42),
(489,	'Shārī Bāqirmī	',	42),
(490,	'Shārī al Awsaṭ	',	42),
(491,	'Sīlā	',	42),
(492,	'Tibastī	',	42),
(493,	'Tānjilī	',	42),
(494,	'Waddāy	',	42),
(495,	'Wādī Fīrā	',	42),
(496,	'Ḥajjar Lamīs	',	42),
(497,	'Aisén del General Carlos Ibañez del Campo	',	43),
(498,	'Antofagasta	',	43),
(499,	'Araucanía	',	43),
(500,	'Arica y Parinacota	',	43),
(501,	'Atacama	',	43),
(502,	'Bío-Bío	',	43),
(503,	'Coquimbo	',	43),
(504,	'Libertador General Bernardo O Higgins	',	43),
(505,	'Los Lagos	',	43),
(506,	'Los Ríos	',	43),
(507,	'Magallanes	',	43),
(508,	'Maule	',	43),
(509,	'Región Metropolitana de Santiago	',	43),
(510,	'Tarapacá	',	43),
(511,	'Valparaíso	',	43),
(512,	'Guangxi	',	44),
(513,	'Nei Mongol	',	44),
(514,	'Ningxia	',	44),
(515,	'Xinjiang	',	44),
(516,	'Xizang	',	44),
(517,	'Beijing	',	44),
(518,	'Chongqing	',	44),
(519,	'Shanghai	',	44),
(520,	'Tianjin	',	44),
(521,	'Anhui	',	44),
(522,	'Fujian	',	44),
(523,	'Gansu	',	44),
(524,	'Guangdong	',	44),
(525,	'Guizhou	',	44),
(526,	'Hainan	',	44),
(527,	'Hebei	',	44),
(528,	'Heilongjiang	',	44),
(529,	'Henan	',	44),
(530,	'Hubei	',	44),
(531,	'Hunan	',	44),
(532,	'Jiangsu	',	44),
(533,	'Jiangxi	',	44),
(534,	'Jilin	',	44),
(535,	'Liaoning	',	44),
(536,	'Qinghai	',	44),
(537,	'Shaanxi	',	44),
(538,	'Shandong	',	44),
(539,	'Shanxi	',	44),
(540,	'Sichuan	',	44),
(541,	'Taiwan	',	44),
(542,	'Yunnan	',	44),
(543,	'Zhejiang	',	44),
(544,	'Hong Kong	',	44),
(545,	'Macao	',	44),
(546,	'Hong Kong Island	',	44),
(547,	'Kowloon	',	44),
(548,	'New Territories	',	44),
(549,	'Amazonas	',	47),
(550,	'Antioquia	',	47),
(551,	'Arauca	',	47),
(552,	'Atlántico	',	47),
(553,	'Bolívar	',	47),
(554,	'Boyacá	',	47),
(555,	'Caldas	',	47),
(556,	'Caquetá	',	47),
(557,	'Casanare	',	47),
(558,	'Cauca	',	47),
(559,	'Cesar	',	47),
(560,	'Chocó	',	47),
(561,	'Cundinamarca	',	47),
(562,	'Córdoba	',	47),
(563,	'Distrito Capital de Bogotá	',	47),
(564,	'Guainía	',	47),
(565,	'Guaviare	',	47),
(566,	'Huila	',	47),
(567,	'La Guajira	',	47),
(568,	'Magdalena	',	47),
(569,	'Meta	',	47),
(570,	'Nariño	',	47),
(571,	'Norte de Santander	',	47),
(572,	'Putumayo	',	47),
(573,	'Quindío	',	47),
(574,	'Risaralda	',	47),
(575,	'San Andrés, Providencia y Santa Catalina	',	47),
(576,	'Santander	',	47),
(577,	'Sucre	',	47),
(578,	'Tolima	',	47),
(579,	'Valle del Cauca	',	47),
(580,	'Vaupés	',	47),
(581,	'Vichada	',	47),
(582,	'Anjouan	',	48),
(583,	'Grande Comore	',	48),
(584,	'Mohéli	',	48),
(585,	'Bouenza	',	49),
(586,	'Brazzaville	',	49),
(587,	'Cuvette	',	49),
(588,	'Cuvette-Ouest	',	49),
(589,	'Kouilou	',	49),
(590,	'Likouala	',	49),
(591,	'Lékoumou	',	49),
(592,	'Niari	',	49),
(593,	'Plateaux	',	49),
(594,	'Pointe-Noire	',	49),
(595,	'Pool	',	49),
(596,	'Sangha	',	49),
(597,	'Bandundu	',	50),
(598,	'Bas-Congo	',	50),
(599,	'Kasai-Occidental	',	50),
(600,	'Kasai-Oriental	',	50),
(601,	'Katanga	',	50),
(602,	'Kinshasa	',	50),
(603,	'Maniema	',	50),
(604,	'Nord-Kivu	',	50),
(605,	'Orientale	',	50),
(606,	'Sud-Kivu	',	50),
(607,	'Équateur	',	50),
(608,	'Alajuela	',	52),
(609,	'Cartago	',	52),
(610,	'Guanacaste	',	52),
(611,	'Heredia	',	52),
(612,	'Limón	',	52),
(613,	'Puntarenas	',	52),
(614,	'San José	',	52),
(615,	'18 Montagnes	',	53),
(616,	'Agnébi	',	53),
(617,	'Bafing	',	53),
(618,	'Bas-Sassandra	',	53),
(619,	'Denguélé	',	53),
(620,	'Fromager	',	53),
(621,	'Haut-Sassandra	',	53),
(622,	'Lacs	',	53),
(623,	'Lagunes	',	53),
(624,	'Marahoué	',	53),
(625,	'Moyen-Cavally	',	53),
(626,	'Moyen-Comoé	',	53),
(627,	'Nzi-Comoé	',	53),
(628,	'Savanes	',	53),
(629,	'Sud-Bandama	',	53),
(630,	'Sud-Comoé	',	53),
(631,	'Vallée du Bandama	',	53),
(632,	'Worodougou	',	53),
(633,	'Zanzan	',	53),
(634,	'Bjelovarsko-bilogorska županija	',	54),
(635,	'Brodsko-posavska županija	',	54),
(786,	'Santa Ana	',	65),
(636,	'Dubrovačko-neretvanska županija	',	54),
(637,	'Grad Zagreb	',	54),
(638,	'Istarska županija	',	54),
(639,	'Karlovačka županija	',	54),
(640,	'Koprivničko-križevačka županija	',	54),
(641,	'Krapinsko-zagorska županija	',	54),
(642,	'Ličko-senjska županija	',	54),
(643,	'Međimurska županija	',	54),
(644,	'Osječko-baranjska županija	',	54),
(645,	'Požeško-slavonska županija	',	54),
(646,	'Primorsko-goranska županija	',	54),
(647,	'Sisačko-moslavačka županija	',	54),
(648,	'Splitsko-dalmatinska županija	',	54),
(649,	'Varaždinska županija	',	54),
(650,	'Virovitičko-podravska županija	',	54),
(651,	'Vukovarsko-srijemska županija	',	54),
(652,	'Zadarska županija	',	54),
(653,	'Zagrebačka županija	',	54),
(654,	'Šibensko-kninska županija	',	54),
(655,	'Artemisa	',	55),
(656,	'Camagüey	',	55),
(657,	'Ciego de Ávila	',	55),
(658,	'Cienfuegos	',	55),
(659,	'Granma	',	55),
(660,	'Guantánamo	',	55),
(661,	'Holguín	',	55),
(662,	'Isla de la Juventud	',	55),
(663,	'La Habana	',	55),
(664,	'Las Tunas	',	55),
(665,	'Matanzas	',	55),
(666,	'Mayabeque	',	55),
(667,	'Pinar del Río	',	55),
(668,	'Sancti Spíritus	',	55),
(669,	'Santiago de Cuba	',	55),
(670,	'Villa Clara	',	55),
(671,	'Ammochostos	',	56),
(672,	'Keryneia	',	56),
(673,	'Larnaka	',	56),
(674,	'Lefkosia	',	56),
(675,	'Lemesos	',	56),
(676,	'Pafos	',	56),
(677,	'Jihomoravský kraj	',	57),
(678,	'Jihočeský kraj	',	57),
(679,	'Karlovarský kraj	',	57),
(680,	'Královéhradecký kraj	',	57),
(681,	'Liberecký kraj	',	57),
(682,	'Moravskoslezský kraj	',	57),
(683,	'Olomoucký kraj	',	57),
(684,	'Pardubický kraj	',	57),
(685,	'Plzeňský kraj	',	57),
(686,	'Praha, hlavní město	',	57),
(687,	'Středočeský kraj	',	57),
(688,	'Vysočina	',	57),
(689,	'Zlínský kraj	',	57),
(690,	'Ústecký kraj	',	57),
(691,	'Hovedstaden	',	58),
(692,	'Midtjylland	',	58),
(693,	'Nordjylland	',	58),
(694,	'Sjælland	',	58),
(695,	'Syddanmark	',	58),
(696,	'Ali Sabieh	',	59),
(697,	'Arta	',	59),
(698,	'Dikhil	',	59),
(699,	'Djibouti	',	59),
(700,	'Obock	',	59),
(701,	'Tadjourah	',	59),
(702,	'Saint Andrew	',	60),
(703,	'Saint David	',	60),
(704,	'Saint George	',	60),
(705,	'Saint John	',	60),
(706,	'Saint Joseph	',	60),
(707,	'Saint Luke	',	60),
(708,	'Saint Mark	',	60),
(709,	'Saint Patrick	',	60),
(710,	'Saint Paul	',	60),
(711,	'Saint Peter	',	60),
(712,	'Cibao Nordeste	',	61),
(713,	'Cibao Noroeste	',	61),
(714,	'Cibao Norte	',	61),
(715,	'Cibao Sur	',	61),
(716,	'El Valle	',	61),
(717,	'Enriquillo	',	61),
(718,	'Higuamo	',	61),
(719,	'Ozama	',	61),
(720,	'Valdesia	',	61),
(721,	'Yuma	',	61),
(722,	'Azuay	',	63),
(723,	'Bolívar	',	63),
(724,	'Carchi	',	63),
(725,	'Cañar	',	63),
(726,	'Chimborazo	',	63),
(727,	'Cotopaxi	',	63),
(728,	'El Oro	',	63),
(729,	'Esmeraldas	',	63),
(730,	'Galápagos	',	63),
(731,	'Guayas	',	63),
(732,	'Imbabura	',	63),
(733,	'Loja	',	63),
(734,	'Los Ríos	',	63),
(735,	'Manabí	',	63),
(736,	'Morona-Santiago	',	63),
(737,	'Napo	',	63),
(738,	'Orellana	',	63),
(739,	'Pastaza	',	63),
(740,	'Pichincha	',	63),
(741,	'Santa Elena	',	63),
(742,	'Santo Domingo de los Tsáchilas	',	63),
(743,	'Sucumbíos	',	63),
(744,	'Tungurahua	',	63),
(745,	'Zamora-Chinchipe	',	63),
(746,	'Ad Daqahlīyah	',	64),
(747,	'Al Baḩr al Aḩmar	',	64),
(748,	'Al Buḩayrah	',	64),
(749,	'Al Fayyūm	',	64),
(750,	'Al Gharbīyah	',	64),
(751,	'Al Iskandarīyah	',	64),
(752,	'Al Ismāٰīlīyah	',	64),
(753,	'Al Jīzah	',	64),
(754,	'Al Minyā	',	64),
(755,	'Al Minūfīyah	',	64),
(756,	'Al Qalyūbīyah	',	64),
(757,	'Al Qāhirah	',	64),
(758,	'Al Uqşur	',	64),
(759,	'Al Wādī al Jadīd	',	64),
(760,	'As Suways	',	64),
(761,	'As Sādis min Uktūbar	',	64),
(762,	'Ash Sharqīyah	',	64),
(763,	'Aswān	',	64),
(764,	'Asyūţ	',	64),
(765,	'Banī Suwayf	',	64),
(766,	'Būr Saٰīd	',	64),
(767,	'Dumyāţ	',	64),
(768,	'Janūb Sīnā	',	64),
(769,	'Kafr ash Shaykh	',	64),
(770,	'Maţrūḩ	',	64),
(771,	'Qinā	',	64),
(772,	'Shamāl Sīnā	',	64),
(773,	'Sūhāj	',	64),
(774,	'Ḩulwān	',	64),
(775,	'Ahuachapán	',	65),
(776,	'Cabañas	',	65),
(777,	'Chalatenango	',	65),
(778,	'Cuscatlán	',	65),
(779,	'La Libertad	',	65),
(780,	'La Paz	',	65),
(781,	'La Unión	',	65),
(782,	'Morazán	',	65),
(783,	'San Miguel	',	65),
(784,	'San Salvador	',	65),
(785,	'San Vicente	',	65),
(787,	'Sonsonate	',	65),
(788,	'Usulután	',	65),
(789,	'Región Continental	',	66),
(790,	'Región Insular	',	66),
(791,	'Al Awsaţ	',	67),
(792,	'Al Janūbĩ	',	67),
(793,	'Ansabā	',	67),
(794,	'Janūbī al Baḩrī al Aḩmar	',	67),
(795,	'Qāsh-Barkah	',	67),
(796,	'Shimālī al Baḩrī al Aḩmar	',	67),
(797,	'Harjumaa	',	68),
(798,	'Hiiumaa	',	68),
(799,	'Ida-Virumaa	',	68),
(800,	'Järvamaa	',	68),
(801,	'Jõgevamaa	',	68),
(802,	'Lääne-Virumaa	',	68),
(803,	'Läänemaa	',	68),
(804,	'Pärnumaa	',	68),
(805,	'Põlvamaa	',	68),
(806,	'Raplamaa	',	68),
(807,	'Saaremaa	',	68),
(808,	'Tartumaa	',	68),
(809,	'Valgamaa	',	68),
(810,	'Viljandimaa	',	68),
(811,	'Võrumaa	',	68),
(812,	'Bīnshangul Gumuz	',	69),
(813,	'Dirē Dawa	',	69),
(814,	'Gambēla Hizboch	',	69),
(815,	'Hārerī Hizb	',	69),
(816,	'Oromīya	',	69),
(817,	'Sumalē	',	69),
(818,	'Tigray	',	69),
(819,	'YeDebub Bihēroch Bihēreseboch na Hizboch	',	69),
(820,	'Ādīs Ābeba	',	69),
(821,	'Āfar	',	69),
(822,	'Āmara	',	69),
(823,	'Central	',	73),
(824,	'Eastern	',	73),
(825,	'Northern	',	73),
(826,	'Rotuma	',	73),
(827,	'Western	',	73),
(828,	'Ahvenanmaan maakunta	',	74),
(829,	'Etelä-Karjala	',	74),
(830,	'Etelä-Pohjanmaa	',	74),
(831,	'Etelä-Savo	',	74),
(832,	'Kainuu	',	74),
(833,	'Kanta-Häme	',	74),
(834,	'Keski-Pohjanmaa	',	74),
(835,	'Keski-Suomi	',	74),
(836,	'Kymenlaakso	',	74),
(837,	'Lappi	',	74),
(838,	'Pirkanmaa	',	74),
(839,	'Pohjanmaa	',	74),
(840,	'Pohjois-Karjala	',	74),
(841,	'Pohjois-Pohjanmaa	',	74),
(842,	'Pohjois-Savo	',	74),
(843,	'Päijät-Häme	',	74),
(844,	'Satakunta	',	74),
(845,	'Uusimaa	',	74),
(846,	'Varsinais-Suomi	',	74),
(847,	'Alsace	',	75),
(848,	'Aquitaine	',	75),
(849,	'Auvergne	',	75),
(850,	'Brittany	',	75),
(851,	'Burgundy	',	75),
(852,	'Centre-Val de Loire	',	75),
(853,	'Champagne-Ardenne	',	75),
(854,	'Corsica	',	75),
(855,	'Franche-Comté	',	75),
(856,	'Languedoc-Roussillon	',	75),
(857,	'Limousin	',	75),
(858,	'Lorraine	',	75),
(859,	'Lower Normandy	',	75),
(860,	'Midi-Pyrénées	',	75),
(861,	'Nord-Pas-de-Calais	',	75),
(862,	'Pays de la Loire	',	75),
(863,	'Picardy	',	75),
(864,	'Poitou-Charentes	',	75),
(865,	'Provence-Alpes-Côte d Azur	',	75),
(866,	'Rhône-Alpes	',	75),
(867,	'Upper Normandy	',	75),
(868,	'Île-de-France	',	75),
(869,	'Estuaire	',	79),
(870,	'Haut-Ogooué	',	79),
(871,	'Moyen-Ogooué	',	79),
(872,	'Ngounié	',	79),
(873,	'Nyanga	',	79),
(874,	'Ogooué-Ivindo	',	79),
(875,	'Ogooué-Lolo	',	79),
(876,	'Ogooué-Maritime	',	79),
(877,	'Woleu-Ntem	',	79),
(878,	'Banjul	',	80),
(879,	'Central River	',	80),
(880,	'Lower River	',	80),
(881,	'North Bank	',	80),
(882,	'Upper River	',	80),
(883,	'Western	',	80),
(884,	'Abkhazia	',	81),
(885,	'Ajaria	',	81),
(886,	'Guria	',	81),
(887,	'Imereti	',	81),
(888,	'K akheti	',	81),
(889,	'Kvemo Kartli	',	81),
(890,	'Mtskheta-Mtianeti	',	81),
(891,	'Rach a-Lechkhumi-Kvemo Svaneti	',	81),
(892,	'Samegrelo-Zemo Svaneti	',	81),
(893,	'Samtskhe-Javakheti	',	81),
(894,	'Shida Kartli	',	81),
(895,	'Tbilisi	',	81),
(896,	'Baden-Württemberg	',	82),
(897,	'Bayern	',	82),
(898,	'Berlin	',	82),
(899,	'Brandenburg	',	82),
(900,	'Bremen	',	82),
(901,	'Hamburg	',	82),
(902,	'Hessen	',	82),
(903,	'Mecklenburg-Vorpommern	',	82),
(904,	'Niedersachsen	',	82),
(905,	'Nordrhein-Westfalen	',	82),
(906,	'Rheinland-Pfalz	',	82),
(907,	'Saarland	',	82),
(908,	'Sachsen	',	82),
(909,	'Sachsen-Anhalt	',	82),
(910,	'Schleswig-Holstein	',	82),
(911,	'Thüringen	',	82),
(912,	'Ashanti	',	83),
(913,	'Brong-Ahafo	',	83),
(914,	'Central	',	83),
(915,	'Eastern	',	83),
(916,	'Greater Accra	',	83),
(917,	'Northern	',	83),
(918,	'Upper East	',	83),
(919,	'Upper West	',	83),
(920,	'Volta	',	83),
(921,	'Western	',	83),
(922,	'Anatoliki Makedonia kai Thraki	',	85),
(923,	'Attiki	',	85),
(924,	'Dytiki Ellada	',	85),
(925,	'Dytiki Makedonia	',	85),
(926,	'Ionia Nisia	',	85),
(927,	'Ipeiros	',	85),
(928,	'Kentriki Makedonia	',	85),
(929,	'Kriti	',	85),
(930,	'Notio Aigaio	',	85),
(931,	'Peloponnisos	',	85),
(932,	'Sterea Ellada	',	85),
(933,	'Thessalia	',	85),
(934,	'Voreio Aigaio	',	85),
(935,	'Kommune Kujalleq	',	86),
(936,	'Kommuneqarfik Sermersooq	',	86),
(937,	'Qaasuitsup Kommunia	',	86),
(938,	'Qeqqata Kommunia	',	86),
(939,	'Saint Andrew	',	87),
(940,	'Saint David	',	87),
(941,	'Saint George	',	87),
(942,	'Saint John	',	87),
(943,	'Saint Mark	',	87),
(944,	'Saint Patrick	',	87),
(945,	'Southern Grenadine Islands	',	87),
(946,	'Alta Verapaz	',	90),
(947,	'Baja Verapaz	',	90),
(948,	'Chimaltenango	',	90),
(949,	'Chiquimula	',	90),
(950,	'El Progreso	',	90),
(951,	'Escuintla	',	90),
(952,	'Guatemala	',	90),
(953,	'Huehuetenango	',	90),
(954,	'Izabal	',	90),
(955,	'Jalapa	',	90),
(956,	'Jutiapa	',	90),
(957,	'Petén	',	90),
(958,	'Quetzaltenango	',	90),
(959,	'Quiché	',	90),
(960,	'Retalhuleu	',	90),
(961,	'Sacatepéquez	',	90),
(962,	'San Marcos	',	90),
(963,	'Santa Rosa	',	90),
(964,	'Sololá	',	90),
(965,	'Suchitepéquez	',	90),
(966,	'Totonicapán	',	90),
(967,	'Zacapa	',	90),
(968,	'Boké	',	92),
(969,	'Conakry	',	92),
(970,	'Faranah	',	92),
(971,	'Kankan	',	92),
(972,	'Kindia	',	92),
(973,	'Labé	',	92),
(974,	'Mamou	',	92),
(975,	'Nzérékoré	',	92),
(976,	'Leste	',	93),
(977,	'Norte	',	93),
(978,	'Sul	',	93),
(979,	'Barima-Waini	',	94),
(980,	'Cuyuni-Mazaruni	',	94),
(981,	'Demerara-Mahaica	',	94),
(982,	'East Berbice-Corentyne	',	94),
(983,	'Essequibo Islands-West Demerara	',	94),
(984,	'Mahaica-Berbice	',	94),
(985,	'Pomeroon-Supenaam	',	94),
(986,	'Potaro-Siparuni	',	94),
(987,	'Upper Demerara-Berbice	',	94),
(988,	'Upper Takutu-Upper Essequibo	',	94),
(989,	'Artibonite	',	95),
(990,	'Centre	',	95),
(991,	'Grande-Anse	',	95),
(992,	'Nippes	',	95),
(993,	'Nord	',	95),
(994,	'Nord-Est	',	95),
(995,	'Nord-Ouest	',	95),
(996,	'Ouest	',	95),
(997,	'Sud	',	95),
(998,	'Sud-Est	',	95),
(999,	'Atlántida	',	97),
(1000,	'Choluteca	',	97),
(1001,	'Colón	',	97),
(1002,	'Comayagua	',	97),
(1003,	'Copán	',	97),
(1004,	'Cortés	',	97),
(1005,	'El Paraíso	',	97),
(1006,	'Francisco Morazán	',	97),
(1007,	'Gracias a Dios	',	97),
(1008,	'Intibucá	',	97),
(1009,	'Islas de la Bahía	',	97),
(1010,	'La Paz	',	97),
(1011,	'Lempira	',	97),
(1012,	'Ocotepeque	',	97),
(1013,	'Olancho	',	97),
(1014,	'Santa Bárbara	',	97),
(1015,	'Valle	',	97),
(1016,	'Yoro	',	97),
(1017,	'Baranya	',	99),
(1018,	'Borsod-Abaúj-Zemplén	',	99),
(1019,	'Budapest	',	99),
(1020,	'Bács-Kiskun	',	99),
(1021,	'Békés	',	99),
(1022,	'Békéscsaba	',	99),
(1023,	'Csongrád	',	99),
(1024,	'Debrecen	',	99),
(1025,	'Dunaújváros	',	99),
(1026,	'Eger	',	99),
(1027,	'Fejér	',	99),
(1028,	'Győr	',	99),
(1029,	'Győr-Moson-Sopron	',	99),
(1030,	'Hajdú-Bihar	',	99),
(1031,	'Heves	',	99),
(1032,	'Hódmezővásárhely	',	99),
(1033,	'Jász-Nagykun-Szolnok	',	99),
(1034,	'Kaposvár	',	99),
(1035,	'Kecskemét	',	99),
(1036,	'Komárom-Esztergom	',	99),
(1037,	'Miskolc	',	99),
(1038,	'Nagykanizsa	',	99),
(1039,	'Nyíregyháza	',	99),
(1040,	'Nógrád	',	99),
(1041,	'Pest	',	99),
(1042,	'Pécs	',	99),
(1043,	'Salgótarján	',	99),
(1044,	'Somogy	',	99),
(1045,	'Sopron	',	99),
(1046,	'Szabolcs-Szatmár-Bereg	',	99),
(1047,	'Szeged	',	99),
(1048,	'Szekszárd	',	99),
(1049,	'Szolnok	',	99),
(1050,	'Szombathely	',	99),
(1051,	'Székesfehérvár	',	99),
(1052,	'Tatabánya	',	99),
(1053,	'Tolna	',	99),
(1054,	'Vas	',	99),
(1055,	'Veszprém	',	99),
(1056,	'Veszprém	',	99),
(1057,	'Zala	',	99),
(1058,	'Zalaegerszeg	',	99),
(1059,	'Érd	',	99),
(1060,	'Austurland',	100),
(1061,	'Höfuðborgarsvæði utan Reykjavíkur	',	100),
(1062,	'Norðurland eystra	',	100),
(1063,	'Norðurland vestra	',	100),
(1064,	'Reykjavík	',	100),
(1065,	'Suðurland	',	100),
(1066,	'Suðurnes	',	100),
(1067,	'Vestfirðir	',	100),
(1068,	'Vesturland	',	100),
(1069,	'Andaman and Nicobar Islands	',	101),
(1070,	'Chandigarh	',	101),
(1071,	'Dadra and Nagar Haveli	',	101),
(1072,	'Daman and Diu	',	101),
(1073,	'Delhi	',	101),
(1074,	'Lakshadweep	',	101),
(1075,	'Puducherry	',	101),
(1076,	'Andhra Pradesh	',	101),
(1077,	'Arunachal Pradesh	',	101),
(1078,	'Assam	',	101),
(1079,	'Bihar	',	101),
(1080,	'Chhattisgarh	',	101),
(1081,	'Goa	',	101),
(1082,	'Gujarat	',	101),
(1083,	'Haryana	',	101),
(1084,	'Himachal Pradesh	',	101),
(1085,	'Jammu and Kashmir	',	101),
(1086,	'Jharkhand	',	101),
(1087,	'Karnataka	',	101),
(1088,	'Kerala	',	101),
(1089,	'Madhya Pradesh	',	101),
(1090,	'Maharashtra	',	101),
(1091,	'Manipur	',	101),
(1092,	'Meghalaya	',	101),
(1093,	'Mizoram	',	101),
(1094,	'Nagaland	',	101),
(1095,	'Odisha	',	101),
(1096,	'Punjab	',	101),
(1097,	'Rajasthan	',	101),
(1098,	'Sikkim	',	101),
(1099,	'Tamil Nadu	',	101),
(1100,	'Telangana	',	101),
(1101,	'Tripura	',	101),
(1102,	'Uttar Pradesh	',	101),
(1103,	'Uttarakhand	',	101),
(1104,	'West Bengal	',	101),
(1105,	'Jawa	',	102),
(1106,	'Kalimantan	',	102),
(1107,	'Maluku	',	102),
(1108,	'Nusa Tenggara	',	102),
(1109,	'Papua	',	102),
(1110,	'Sulawesi	',	102),
(1111,	'Sumatera	',	102),
(1112,	'Alborz	',	103),
(1113,	'Ardabīl	',	103),
(1114,	'Būshehr	',	103),
(1115,	'Chahār Maḩāll va Bakhtīārī	',	103),
(1116,	'Eşfahān	',	103),
(1117,	'Fārs	',	103),
(1118,	'Golestān	',	103),
(1119,	'Gīlān	',	103),
(1120,	'Hamadān	',	103),
(1121,	'Hormozgān	',	103),
(1122,	'Kermān	',	103),
(1123,	'Kermānshāh	',	103),
(1124,	'Khorāsān-e Janūbī	',	103),
(1125,	'Khorāsān-e Razavī	',	103),
(1126,	'Khorāsān-e Shemālī	',	103),
(1127,	'Khūzestān	',	103),
(1128,	'Kohgīlūyeh va Būyer Aḩmad	',	103),
(1129,	'Kordestān	',	103),
(1130,	'Lorestān	',	103),
(1131,	'Markazī	',	103),
(1132,	'Māzandarān	',	103),
(1133,	'Qazvīn	',	103),
(1134,	'Qom	',	103),
(1135,	'Semnān	',	103),
(1136,	'Sīstān va Balūchestān	',	103),
(1137,	'Tehrān	',	103),
(1138,	'Yazd	',	103),
(1139,	'Zanjān	',	103),
(1140,	'Āz̄arbāyjān-e Gharbī	',	103),
(1141,	'Āz̄arbāyjān-e Sharqī	',	103),
(1142,	'Īlām	',	103),
(1143,	'Al Anbār	',	104),
(1144,	'Al Başrah	',	104),
(1145,	'Al Muthanná	',	104),
(1146,	'Al Qādisīyah	',	104),
(1147,	'An Najaf	',	104),
(1148,	'Arbīl	',	104),
(1149,	'As Sulaymānīyah	',	104),
(1150,	'At Ta mīm	',	104),
(1151,	'Baghdād	',	104),
(1152,	'Bābil	',	104),
(1153,	'Dahūk	',	104),
(1154,	'Dhī Qār	',	104),
(1155,	'Diyālá	',	104),
(1156,	'Karbalā	',	104),
(1157,	'Maysān	',	104),
(1158,	'Nīnawá	',	104),
(1159,	'Wāsiţ	',	104),
(1160,	'Şalāḩ ad Dīn	',	104),
(1161,	'Connaught	',	105),
(1162,	'Leinster	',	105),
(1163,	'Munster	',	105),
(1164,	'Ulster	',	105),
(1165,	'HaDarom	',	106),
(1166,	'HaMerkaz	',	106),
(1167,	'HaTsafon	',	106),
(1168,	'H̱efa	',	106),
(1169,	'Tel-Aviv	',	106),
(1170,	'Yerushalayim	',	106),
(1171,	'Abruzzo	',	107),
(1172,	'Basilicata	',	107),
(1173,	'Calabria	',	107),
(1174,	'Campania	',	107),
(1175,	'Emilia-Romagna	',	107),
(1176,	'Friuli-Venezia Giulia	',	107),
(1177,	'Lazio	',	107),
(1178,	'Liguria	',	107),
(1179,	'Lombardia	',	107),
(1180,	'Marche	',	107),
(1181,	'Molise	',	107),
(1182,	'Piemonte	',	107),
(1183,	'Puglia	',	107),
(1184,	'Sardegna	',	107),
(1185,	'Sicilia	',	107),
(1186,	'Toscana	',	107),
(1187,	'Trentino-Alto Adige	',	107),
(1188,	'Umbria	',	107),
(1189,	'Valle d Aosta	',	107),
(1190,	'Veneto	',	107),
(1191,	'Clarendon	',	108),
(1192,	'Hanover	',	108),
(1193,	'Kingston	',	108),
(1194,	'Manchester	',	108),
(1195,	'Portland	',	108),
(1196,	'Saint Andrew	',	108),
(1197,	'Saint Ann	',	108),
(1198,	'Saint Catherine	',	108),
(1199,	'Saint Elizabeth	',	108),
(1200,	'Saint James	',	108),
(1201,	'Saint Mary	',	108),
(1202,	'Saint Thomas	',	108),
(1203,	'Trelawny	',	108),
(1204,	'Westmoreland	',	108),
(1205,	'Aiti	',	109),
(1206,	'Akita	',	109),
(1207,	'Aomori	',	109),
(1208,	'Ehime	',	109),
(1209,	'Gihu	',	109),
(1210,	'Gunma	',	109),
(1211,	'Hirosima	',	109),
(1212,	'Hokkaidô	',	109),
(1213,	'Hukui	',	109),
(1214,	'Hukuoka	',	109),
(1215,	'Hukusima	',	109),
(1216,	'Hyôgo	',	109),
(1217,	'Ibaraki	',	109),
(1218,	'Isikawa	',	109),
(1219,	'Iwate	',	109),
(1220,	'Kagawa	',	109),
(1221,	'Kagosima	',	109),
(1222,	'Kanagawa	',	109),
(1223,	'Kumamoto	',	109),
(1224,	'Kyôto	',	109),
(1225,	'Kôti	',	109),
(1226,	'Mie	',	109),
(1227,	'Miyagi	',	109),
(1228,	'Miyazaki	',	109),
(1229,	'Nagano	',	109),
(1230,	'Nagasaki	',	109),
(1231,	'Nara	',	109),
(1232,	'Niigata	',	109),
(1233,	'Okayama	',	109),
(1234,	'Okinawa	',	109),
(1235,	'Saga	',	109),
(1236,	'Saitama	',	109),
(1237,	'Siga	',	109),
(1238,	'Simane	',	109),
(1239,	'Sizuoka	',	109),
(1240,	'Tiba	',	109),
(1241,	'Tokusima	',	109),
(1242,	'Totigi	',	109),
(1243,	'Tottori	',	109),
(1244,	'Toyama	',	109),
(1245,	'Tôkyô	',	109),
(1246,	'Wakayama	',	109),
(1247,	'Yamagata	',	109),
(1248,	'Yamaguti	',	109),
(1249,	'Yamanasi	',	109),
(1250,	'Ôita	',	109),
(1251,	'Ôsaka	',	109),
(1252,	'Al Balqā	',	111),
(1253,	'Al  Aqabah	',	111),
(1254,	'Az Zarqā	',	111),
(1255,	'Aţ Ţafīlah	',	111),
(1256,	'Irbid	',	111),
(1257,	'Jerash	',	111),
(1258,	'Karak	',	111),
(1259,	'Ma ān	',	111),
(1260,	'Mafraq	',	111),
(1261,	'Mādabā	',	111),
(1262,	'Ajlūn	',	111),
(1263,	'Ammān	',	111),
(1264,	'Almaty	',	112),
(1265,	'Almaty oblysy	',	112),
(1266,	'Aqmola oblysy	',	112),
(1267,	'Aqtöbe oblysy	',	112),
(1268,	'Astana	',	112),
(1269,	'Atyraū oblysy	',	112),
(1270,	'Batys Qazaqstan oblysy	',	112),
(1271,	'Mangghystaū oblysy	',	112),
(1272,	'Ongtüstik Qazaqstan oblysy	',	112),
(1273,	'Pavlodar oblysy	',	112),
(1274,	'Qaraghandy oblysy	',	112),
(1275,	'Qostanay oblysy	',	112),
(1276,	'Qyzylorda oblysy	',	112),
(1277,	'Shyghys Qazaqstan oblysy	',	112),
(1278,	'Soltüstik Qazaqstan oblysy	',	112),
(1279,	'Zhambyl oblysy	',	112),
(1280,	'Central	',	113),
(1281,	'Coast	',	113),
(1282,	'Eastern	',	113),
(1283,	'Nairobi	',	113),
(1284,	'North-Eastern	',	113),
(1285,	'Nyanza	',	113),
(1286,	'Rift Valley	',	113),
(1287,	'Western	',	113),
(1288,	'Gilbert Islands	',	114),
(1289,	'Line Islands	',	114),
(1290,	'Phoenix Islands	',	114),
(1291,	'Chagang	',	115),
(1292,	'Kangwon	',	115),
(1293,	'North Hamgyong	',	115),
(1294,	'North Hwanghae	',	115),
(1295,	'North Pyongan	',	115),
(1296,	'Pyongyang	',	115),
(1297,	'Rason	',	115),
(1298,	'Ryanggang	',	115),
(1299,	'South Hamgyong	',	115),
(1300,	'South Hwanghae	',	115),
(1301,	'South Pyongan	',	115),
(1302,	'Busan-gwangyeoksi	',	116),
(1303,	'Chungcheongbuk-do	',	116),
(1304,	'Chungcheongnam-do	',	116),
(1305,	'Daegu-gwangyeoksi	',	116),
(1306,	'Daejeon-gwangyeoksi	',	116),
(1307,	'Gangwon-do	',	116),
(1308,	'Gwangju-gwangyeoksi	',	116),
(1309,	'Gyeonggi-do	',	116),
(1310,	'Gyeongsangbuk-do	',	116),
(1311,	'Gyeongsangnam-do	',	116),
(1312,	'Incheon-gwangyeoksi	',	116),
(1313,	'Jeju-teukbyeoljachido	',	116),
(1314,	'Jeollabuk-do	',	116),
(1315,	'Jeollanam-do	',	116),
(1316,	'Sejong	',	116),
(1317,	'Seoul-teukbyeolsi	',	116),
(1318,	'Ulsan-gwangyeoksi	',	116),
(1319,	'Al Aḩmadi	',	117),
(1320,	'Al Farwānīyah	',	117),
(1321,	'Al Jahrā	',	117),
(1322,	'Al Kuwayt	',	117),
(1323,	'Mubārak al Kabīr	',	117),
(1324,	'Ḩawallī	',	117),
(1325,	'Batken	',	118),
(1326,	'Bishkek	',	118),
(1327,	'Chü	',	118),
(1328,	'Jalal-Abad	',	118),
(1329,	'Naryn	',	118),
(1330,	'Osh	',	118),
(1331,	'Talas	',	118),
(1332,	'Ysyk-Köl	',	118),
(1333,	'Attapu	',	119),
(1334,	'Bokèo	',	119),
(1335,	'Bolikhamxai	',	119),
(1336,	'Champasak	',	119),
(1337,	'Houaphan	',	119),
(1338,	'Khammouan	',	119),
(1339,	'Louang Namtha	',	119),
(1340,	'Louangphabang	',	119),
(1341,	'Oudômxai	',	119),
(1342,	'Phôngsali	',	119),
(1343,	'Salavan	',	119),
(1344,	'Savannakhét	',	119),
(1345,	'Vientiane	',	119),
(1346,	'Vientiane	',	119),
(1347,	'Xaignabouli	',	119),
(1348,	'Xaisômboun	',	119),
(1349,	'Xiangkhoang	',	119),
(1350,	'Xékong	',	119),
(1351,	'Aglonas novads	',	120),
(1352,	'Aizkraukles novads	',	120),
(1353,	'Aizputes novads	',	120),
(1354,	'Aknīstes novads	',	120),
(1355,	'Alojas novads	',	120),
(1356,	'Alsungas novads	',	120),
(1357,	'Alūksnes novads	',	120),
(1358,	'Amatas novads	',	120),
(1359,	'Apes novads	',	120),
(1360,	'Auces novads	',	120),
(1361,	'Babītes novads	',	120),
(1362,	'Baldones novads	',	120),
(1363,	'Baltinavas novads	',	120),
(1364,	'Balvu novads	',	120),
(1365,	'Bauskas novads	',	120),
(1366,	'Beverīnas novads	',	120),
(1367,	'Brocēnu novads	',	120),
(1368,	'Burtnieku novads	',	120),
(1369,	'Carnikavas novads	',	120),
(1370,	'Cesvaines novads	',	120),
(1371,	'Ciblas novads	',	120),
(1372,	'Cēsu novads	',	120),
(1373,	'Dagdas novads	',	120),
(1374,	'Daugavpils	',	120),
(1375,	'Daugavpils novads	',	120),
(1376,	'Dobeles novads	',	120),
(1377,	'Dundagas novads	',	120),
(1378,	'Durbes novads	',	120),
(1379,	'Engures novads	',	120),
(1380,	'Garkalnes novads	',	120),
(1381,	'Grobiņas novads	',	120),
(1382,	'Gulbenes novads	',	120),
(1383,	'Iecavas novads	',	120),
(1384,	'Ikšķiles novads	',	120),
(1385,	'Ilūkstes novads	',	120),
(1386,	'Inčukalna novads	',	120),
(1387,	'Jaunjelgavas novads	',	120),
(1388,	'Jaunpiebalgas novads	',	120),
(1389,	'Jaunpils novads	',	120),
(1390,	'Jelgava	',	120),
(1391,	'Jelgavas novads	',	120),
(1392,	'Jēkabpils	',	120),
(1393,	'Jēkabpils novads	',	120),
(1394,	'Jūrmala	',	120),
(1395,	'Kandavas novads	',	120),
(1396,	'Kocēnu novads	',	120),
(1397,	'Kokneses novads	',	120),
(1398,	'Krimuldas novads	',	120),
(1399,	'Krustpils novads	',	120),
(1400,	'Krāslavas novads	',	120),
(1401,	'Kuldīgas novads	',	120),
(1402,	'Kārsavas novads	',	120),
(1403,	'Lielvārdes novads	',	120),
(1404,	'Liepāja	',	120),
(1405,	'Limbažu novads	',	120),
(1406,	'Lubānas novads	',	120),
(1407,	'Ludzas novads	',	120),
(1408,	'Līgatnes novads	',	120),
(1409,	'Līvānu novads	',	120),
(1410,	'Madonas novads	',	120),
(1411,	'Mazsalacas novads	',	120),
(1412,	'Mālpils novads	',	120),
(1413,	'Mārupes novads	',	120),
(1414,	'Mērsraga novads	',	120),
(1415,	'Naukšēnu novads	',	120),
(1416,	'Neretas novads	',	120),
(1417,	'Nīcas novads	',	120),
(1418,	'Ogres novads	',	120),
(1419,	'Olaines novads	',	120),
(1420,	'Ozolnieku novads	',	120),
(1421,	'Preiļu novads	',	120),
(1422,	'Priekules novads	',	120),
(1423,	'Priekuļu novads	',	120),
(1424,	'Pārgaujas novads	',	120),
(1425,	'Pāvilostas novads	',	120),
(1426,	'Pļaviņu novads	',	120),
(1427,	'Raunas novads	',	120),
(1428,	'Riebiņu novads	',	120),
(1429,	'Rojas novads	',	120),
(1430,	'Ropažu novads	',	120),
(1431,	'Rucavas novads	',	120),
(1432,	'Rugāju novads	',	120),
(1433,	'Rundāles novads	',	120),
(1434,	'Rēzekne	',	120),
(1435,	'Rēzeknes novads	',	120),
(1436,	'Rīga	',	120),
(1437,	'Rūjienas novads	',	120),
(1438,	'Salacgrīvas novads	',	120),
(1439,	'Salas novads	',	120),
(1440,	'Salaspils novads	',	120),
(1441,	'Saldus novads	',	120),
(1442,	'Saulkrastu novads	',	120),
(1443,	'Siguldas novads	',	120),
(1444,	'Skrundas novads	',	120),
(1445,	'Skrīveru novads	',	120),
(1446,	'Smiltenes novads	',	120),
(1447,	'Stopiņu novads	',	120),
(1448,	'Strenču novads	',	120),
(1449,	'Sējas novads	',	120),
(1450,	'Talsu novads	',	120),
(1451,	'Tukuma novads	',	120),
(1452,	'Tērvetes novads	',	120),
(1453,	'Vaiņodes novads	',	120),
(1454,	'Valkas novads	',	120),
(1455,	'Valmiera	',	120),
(1456,	'Varakļānu novads	',	120),
(1457,	'Vecpiebalgas novads	',	120),
(1458,	'Vecumnieku novads	',	120),
(1459,	'Ventspils	',	120),
(1460,	'Ventspils novads	',	120),
(1461,	'Viesītes novads	',	120),
(1462,	'Viļakas novads	',	120),
(1463,	'Viļānu novads	',	120),
(1464,	'Vārkavas novads	',	120),
(1465,	'Zilupes novads	',	120),
(1466,	'Ādažu novads	',	120),
(1467,	'Ērgļu novads	',	120),
(1468,	'Ķeguma novads	',	120),
(1469,	'Ķekavas novads	',	120),
(1470,	'Aakkâr	',	121),
(1471,	'Baalbek-Hermel	',	121),
(1472,	'Beyrouth	',	121),
(1473,	'Béqaa	',	121),
(1474,	'Liban-Nord	',	121),
(1475,	'Liban-Sud	',	121),
(1476,	'Mont-Liban	',	121),
(1477,	'Nabatîyé	',	121),
(1478,	'Berea	',	122),
(1479,	'Butha-Buthe	',	122),
(1480,	'Leribe	',	122),
(1481,	'Mafeteng	',	122),
(1482,	'Maseru	',	122),
(1483,	'Mohale s Hoek	',	122),
(1484,	'Mokhotlong	',	122),
(1485,	'Qacha s Nek	',	122),
(1486,	'Quthing	',	122),
(1487,	'Thaba-Tseka	',	122),
(1488,	'Bomi	',	123),
(1489,	'Bong	',	123),
(1490,	'Gbarpolu	',	123),
(1491,	'Grand Bassa	',	123),
(1492,	'Grand Cape Mount	',	123),
(1493,	'Grand Gedeh	',	123),
(1494,	'Grand Kru	',	123),
(1495,	'Lofa	',	123),
(1496,	'Margibi	',	123),
(1497,	'Maryland	',	123),
(1498,	'Montserrado	',	123),
(1499,	'Nimba	',	123),
(1500,	'River Gee	',	123),
(1501,	'Rivercess	',	123),
(1502,	'Sinoe	',	123),
(1503,	'Al Buţnān	',	124),
(1504,	'Al Jabal al Akhḑar	',	124),
(1505,	'Al Jabal al Gharbī	',	124),
(1506,	'Al Jifārah	',	124),
(1507,	'Al Jufrah	',	124),
(1508,	'Al Kufrah	',	124),
(1509,	'Al Marj	',	124),
(1510,	'Al Marqab	',	124),
(1511,	'Al Wāḩāt	',	124),
(1512,	'An Nuqaţ al Khams	',	124),
(1513,	'Az Zāwiyah	',	124),
(1514,	'Banghāzī	',	124),
(1515,	'Darnah	',	124),
(1516,	'Ghāt	',	124),
(1517,	'Mişrātah	',	124),
(1518,	'Murzuq	',	124),
(1519,	'Nālūt	',	124),
(1520,	'Sabhā	',	124),
(1521,	'Surt	',	124),
(1522,	'Wādī al Ḩayāt	',	124),
(1523,	'Wādī ash Shāţiʾ	',	124),
(1524,	'Ţarābulus	',	124),
(1525,	'Balzers	',	125),
(1526,	'Eschen	',	125),
(1527,	'Gamprin	',	125),
(1528,	'Mauren	',	125),
(1529,	'Planken	',	125),
(1530,	'Ruggell	',	125),
(1531,	'Schaan	',	125),
(1532,	'Schellenberg	',	125),
(1533,	'Triesen	',	125),
(1534,	'Triesenberg	',	125),
(1535,	'Vaduz	',	125),
(1536,	'Alytaus Apskritis	',	126),
(1537,	'Kauno Apskritis	',	126),
(1538,	'Klaipėdos Apskritis	',	126),
(1539,	'Marijampolės Apskritis	',	126),
(1540,	'Panevėžio Apskritis	',	126),
(1541,	'Tauragės Apskritis	',	126),
(1542,	'Telšių Apskritis	',	126),
(1543,	'Utenos Apskritis	',	126),
(1544,	'Vilniaus Apskritis	',	126),
(1545,	'Šiaulių Apskritis	',	126),
(1546,	'Diekirch	',	127),
(1547,	'Grevenmacher	',	127),
(1548,	'Luxembourg	',	127),
(1549,	'Aerodrom	',	129),
(1550,	'Aračinovo	',	129),
(1551,	'Berovo	',	129),
(1552,	'Bitola	',	129),
(1553,	'Bogdanci	',	129),
(1554,	'Bogovinje	',	129),
(1555,	'Bosilovo	',	129),
(1556,	'Brvenica	',	129),
(1557,	'Butel	',	129),
(1558,	'Centar	',	129),
(1559,	'Centar Župa	',	129),
(1560,	'Debar	',	129),
(1561,	'Debarca	',	129),
(1562,	'Delčevo	',	129),
(1563,	'Demir Hisar	',	129),
(1564,	'Demir Kapija	',	129),
(1565,	'Dojran	',	129),
(1566,	'Dolneni	',	129),
(1567,	'Drugovo	',	129),
(1568,	'Gazi Baba	',	129),
(1569,	'Gevgelija	',	129),
(1570,	'Gjorče Petrov	',	129),
(1571,	'Gostivar	',	129),
(1572,	'Gradsko	',	129),
(1573,	'Ilinden	',	129),
(1574,	'Jegunovce	',	129),
(1575,	'Karbinci	',	129),
(1576,	'Karpoš	',	129),
(1577,	'Kavadarci	',	129),
(1578,	'Kisela Voda	',	129),
(1579,	'Kičevo	',	129),
(1580,	'Konče	',	129),
(1581,	'Kočani	',	129),
(1582,	'Kratovo	',	129),
(1583,	'Kriva Palanka	',	129),
(1584,	'Krivogaštani	',	129),
(1585,	'Kruševo	',	129),
(1586,	'Kumanovo	',	129),
(1587,	'Lipkovo	',	129),
(1588,	'Lozovo	',	129),
(1589,	'Makedonska Kamenica	',	129),
(1590,	'Makedonski Brod	',	129),
(1591,	'Mavrovo i Rostuša	',	129),
(1592,	'Mogila	',	129),
(1593,	'Negotino	',	129),
(1594,	'Novaci	',	129),
(1595,	'Novo Selo	',	129),
(1596,	'Ohrid	',	129),
(1597,	'Oslomej	',	129),
(1598,	'Pehčevo	',	129),
(1599,	'Petrovec	',	129),
(1600,	'Plasnica	',	129),
(1601,	'Prilep	',	129),
(1602,	'Probištip	',	129),
(1603,	'Radoviš	',	129),
(1604,	'Rankovce	',	129),
(1605,	'Resen	',	129),
(1606,	'Rosoman	',	129),
(1607,	'Saraj	',	129),
(1608,	'Sopište	',	129),
(1609,	'Staro Nagoričane	',	129),
(1610,	'Struga	',	129),
(1611,	'Strumica	',	129),
(1612,	'Studeničani	',	129),
(1613,	'Sveti Nikole	',	129),
(1614,	'Tearce	',	129),
(1615,	'Tetovo	',	129),
(1616,	'Valandovo	',	129),
(1617,	'Vasilevo	',	129),
(1618,	'Veles	',	129),
(1619,	'Vevčani	',	129),
(1620,	'Vinica	',	129),
(1621,	'Vraneštica	',	129),
(1622,	'Vrapčište	',	129),
(1623,	'Zajas	',	129),
(1624,	'Zelenikovo	',	129),
(1625,	'Zrnovci	',	129),
(1626,	'Čair	',	129),
(1627,	'Čaška	',	129),
(1628,	'Češinovo-Obleševo	',	129),
(1629,	'Čučer Sandevo	',	129),
(1630,	'Štip	',	129),
(1631,	'Šuto Orizari	',	129),
(1632,	'Želino	',	129),
(1633,	'Antananarivo	',	130),
(1634,	'Antsiranana	',	130),
(1635,	'Fianarantsoa	',	130),
(1636,	'Mahajanga	',	130),
(1637,	'Toamasina	',	130),
(1638,	'Toliara	',	130),
(1639,	'Central Region	',	131),
(1640,	'Northern Region	',	131),
(1641,	'Southern Region	',	131),
(1642,	'Wilayah Persekutuan Kuala Lumpur	',	132),
(1643,	'Wilayah Persekutuan Labuan	',	132),
(1644,	'Wilayah Persekutuan Putrajaya	',	132),
(1645,	'Johor	',	132),
(1646,	'Kedah	',	132),
(1647,	'Kelantan	',	132),
(1648,	'Melaka	',	132),
(1649,	'Negeri Sembilan	',	132),
(1650,	'Pahang	',	132),
(1651,	'Perak	',	132),
(1652,	'Perlis	',	132),
(1653,	'Pulau Pinang	',	132),
(1654,	'Sabah	',	132),
(1655,	'Sarawak	',	132),
(1656,	'Selangor	',	132),
(1657,	'Terengganu	',	132),
(1658,	'Central	',	133),
(1659,	'Male	',	133),
(1660,	'North	',	133),
(1661,	'North Central	',	133),
(1662,	'South	',	133),
(1663,	'South Central	',	133),
(1664,	'Upper North	',	133),
(1665,	'Upper South	',	133),
(1666,	'Bamako	',	134),
(1667,	'Gao	',	134),
(1668,	'Kayes	',	134),
(1669,	'Kidal	',	134),
(1670,	'Koulikoro	',	134),
(1671,	'Mopti	',	134),
(1672,	'Sikasso	',	134),
(1673,	'Ségou	',	134),
(1674,	'Tombouctou	',	134),
(1675,	'Attard	',	135),
(1676,	'Balzan	',	135),
(1677,	'Birgu	',	135),
(1678,	'Birkirkara	',	135),
(1679,	'Birżebbuġa	',	135),
(1680,	'Bormla	',	135),
(1681,	'Dingli	',	135),
(1682,	'Fgura	',	135),
(1683,	'Floriana	',	135),
(1684,	'Fontana	',	135),
(1685,	'Gudja	',	135),
(1686,	'Għajnsielem	',	135),
(1687,	'Għarb	',	135),
(1688,	'Għargħur	',	135),
(1689,	'Għasri	',	135),
(1690,	'Għaxaq	',	135),
(1691,	'Gżira	',	135),
(1692,	'Iklin	',	135),
(1693,	'Isla	',	135),
(1694,	'Kalkara	',	135),
(1695,	'Kerċem	',	135),
(1696,	'Kirkop	',	135),
(1697,	'Lija	',	135),
(1698,	'Luqa	',	135),
(1699,	'Marsa	',	135),
(1700,	'Marsaskala	',	135),
(1701,	'Marsaxlokk	',	135),
(1702,	'Mdina	',	135),
(1703,	'Mellieħa	',	135),
(1704,	'Mosta	',	135),
(1705,	'Mqabba	',	135),
(1706,	'Msida	',	135),
(1707,	'Mtarfa	',	135),
(1708,	'Munxar	',	135),
(1709,	'Mġarr	',	135),
(1710,	'Nadur	',	135),
(1711,	'Naxxar	',	135),
(1712,	'Paola	',	135),
(1713,	'Pembroke	',	135),
(1714,	'Pietà	',	135),
(1715,	'Qala	',	135),
(1716,	'Qormi	',	135),
(1717,	'Qrendi	',	135),
(1718,	'Rabat Għawdex	',	135),
(1719,	'Rabat Malta	',	135),
(1720,	'Safi	',	135),
(1721,	'San Lawrenz	',	135),
(1722,	'San Pawl il-Baħar	',	135),
(1723,	'San Ġiljan	',	135),
(1724,	'San Ġwann	',	135),
(1725,	'Sannat	',	135),
(1726,	'Santa Luċija	',	135),
(1727,	'Santa Venera	',	135),
(1728,	'Siġġiewi	',	135),
(1729,	'Sliema	',	135),
(1730,	'Swieqi	',	135),
(1731,	'Ta Xbiex	',	135),
(1732,	'Tarxien	',	135),
(1733,	'Valletta	',	135),
(1734,	'Xagħra	',	135),
(1735,	'Xewkija	',	135),
(1736,	'Xgħajra	',	135),
(1737,	'Ħamrun	',	135),
(1738,	'Żabbar	',	135),
(1739,	'Żebbuġ Għawdex	',	135),
(1740,	'Żebbuġ Malta	',	135),
(1741,	'Żejtun	',	135),
(1742,	'Żurrieq	',	135),
(1743,	'Ralik chain	',	137),
(1744,	'Ratak chain	',	137),
(1745,	'Adrar	',	139),
(1746,	'Assaba	',	139),
(1747,	'Brakna	',	139),
(1748,	'Dakhlet Nouâdhibou	',	139),
(1749,	'Gorgol	',	139),
(1750,	'Guidimaka	',	139),
(1751,	'Hodh ech Chargui	',	139),
(1752,	'Hodh el Gharbi	',	139),
(1753,	'Inchiri	',	139),
(1754,	'Nouakchott	',	139),
(1755,	'Tagant	',	139),
(1756,	'Tiris Zemmour	',	139),
(1757,	'Trarza	',	139),
(1758,	'Agalega Islands	',	140),
(1759,	'Beau Bassin-Rose Hill	',	140),
(1760,	'Black River	',	140),
(1761,	'Cargados Carajos Shoals	',	140),
(1762,	'Curepipe	',	140),
(1763,	'Flacq	',	140),
(1764,	'Grand Port	',	140),
(1765,	'Moka	',	140),
(1766,	'Pamplemousses	',	140),
(1767,	'Plaines Wilhems	',	140),
(1768,	'Port Louis	',	140),
(1769,	'Port Louis	',	140),
(1770,	'Quatre Bornes	',	140),
(1771,	'Rivière du Rempart	',	140),
(1772,	'Rodrigues Island	',	140),
(1773,	'Savanne	',	140),
(1774,	'Vacoas-Phoenix	',	140),
(1775,	'Distrito Federal	',	142),
(1776,	'Aguascalientes	',	142),
(1777,	'Baja California	',	142),
(1778,	'Baja California Sur	',	142),
(1779,	'Campeche	',	142),
(1780,	'Chiapas	',	142),
(1781,	'Chihuahua	',	142),
(1782,	'Coahuila	',	142),
(1783,	'Colima	',	142),
(1784,	'Durango	',	142),
(1785,	'Guanajuato	',	142),
(1786,	'Guerrero	',	142),
(1787,	'Hidalgo	',	142),
(1788,	'Jalisco	',	142),
(1789,	'Michoacán	',	142),
(1790,	'Morelos	',	142),
(1791,	'México	',	142),
(1792,	'Nayarit	',	142),
(1793,	'Nuevo León	',	142),
(1794,	'Oaxaca	',	142),
(1795,	'Puebla	',	142),
(1796,	'Querétaro	',	142),
(1797,	'Quintana Roo	',	142),
(1798,	'San Luis Potosí	',	142),
(1799,	'Sinaloa	',	142),
(1800,	'Sonora	',	142),
(1801,	'Tabasco	',	142),
(1802,	'Tamaulipas	',	142),
(1803,	'Tlaxcala	',	142),
(1804,	'Veracruz	',	142),
(1805,	'Yucatán	',	142),
(1806,	'Zacatecas	',	142),
(1807,	'Chuuk	',	143),
(1808,	'Kosrae	',	143),
(1809,	'Pohnpei	',	143),
(1810,	'Yap	',	143),
(1811,	'Anenii Noi	',	144),
(1812,	'Basarabeasca	',	144),
(1813,	'Briceni	',	144),
(1814,	'Bălţi	',	144),
(1815,	'Cahul	',	144),
(1816,	'Cantemir	',	144),
(1817,	'Chişinău	',	144),
(1818,	'Cimişlia	',	144),
(1819,	'Criuleni	',	144),
(1820,	'Călăraşi	',	144),
(1821,	'Căuşeni	',	144),
(1822,	'Donduşeni	',	144),
(1823,	'Drochia	',	144),
(1824,	'Dubăsari	',	144),
(1825,	'Edineţ	',	144),
(1826,	'Floreşti	',	144),
(1827,	'Făleşti	',	144),
(1828,	'Glodeni	',	144),
(1829,	'Găgăuzia, Unitatea teritorială autonomă	',	144),
(1830,	'Hînceşti	',	144),
(1831,	'Ialoveni	',	144),
(1832,	'Leova	',	144),
(1833,	'Nisporeni	',	144),
(1834,	'Ocniţa	',	144),
(1835,	'Orhei	',	144),
(1836,	'Rezina	',	144),
(1837,	'Rîşcani	',	144),
(1838,	'Soroca	',	144),
(1839,	'Străşeni	',	144),
(1840,	'Stînga Nistrului, unitatea teritorială din	',	144),
(1841,	'Sîngerei	',	144),
(1842,	'Taraclia	',	144),
(1843,	'Teleneşti	',	144),
(1844,	'Tighina	',	144),
(1845,	'Ungheni	',	144),
(1846,	'Şoldăneşti	',	144),
(1847,	'Ştefan Vodă	',	144),
(1848,	'Fontvieille	',	145),
(1849,	'Jardin Exotique	',	145),
(1850,	'La Colle	',	145),
(1851,	'La Condamine	',	145),
(1852,	'La Gare	',	145),
(1853,	'La Source	',	145),
(1854,	'Larvotto	',	145),
(1855,	'Malbousquet	',	145),
(1856,	'Monaco-Ville	',	145),
(1857,	'Moneghetti	',	145),
(1858,	'Monte-Carlo	',	145),
(1859,	'Moulins	',	145),
(1860,	'Port-Hercule	',	145),
(1861,	'Saint-Roman	',	145),
(1862,	'Sainte-Dévote	',	145),
(1863,	'Spélugues	',	145),
(1864,	'Vallon de la Rousse	',	145),
(1865,	'Arhangay	',	146),
(1866,	'Bayan-Ölgiy	',	146),
(1867,	'Bayanhongor	',	146),
(1868,	'Bulgan	',	146),
(1869,	'Darhan uul	',	146),
(1870,	'Dornod	',	146),
(1871,	'Dornogovĭ	',	146),
(1872,	'Dundgovĭ	',	146),
(1873,	'Dzavhan	',	146),
(1874,	'Govĭ-Altay	',	146),
(1875,	'Govĭ-Sümber	',	146),
(1876,	'Hentiy	',	146),
(1877,	'Hovd	',	146),
(1878,	'Hövsgöl	',	146),
(1879,	'Orhon	',	146),
(1880,	'Selenge	',	146),
(1881,	'Sühbaatar	',	146),
(1882,	'Töv	',	146),
(1883,	'Ulaanbaatar	',	146),
(1884,	'Uvs	',	146),
(1885,	'Ömnögovĭ	',	146),
(1886,	'Övörhangay	',	146),
(1887,	'Chaouia-Ouardigha	',	148),
(1888,	'Doukhala-Abda	',	148),
(1889,	'Fès-Boulemane	',	148),
(1890,	'Gharb-Chrarda-Beni Hssen	',	148),
(1891,	'Grand Casablanca	',	148),
(1892,	'Guelmim-Es Smara	',	148),
(1893,	'L Oriental	',	148),
(1894,	'Laâyoune-Boujdour-Sakia el Hamra	',	148),
(1895,	'Marrakech-Tensift-Al Haouz	',	148),
(1896,	'Meknès-Tafilalet	',	148),
(1897,	'Oued ed Dahab-Lagouira	',	148),
(1898,	'Rabat-Salé-Zemmour-Zaer	',	148),
(1899,	'Souss-Massa-Drâa	',	148),
(1900,	'Tadla-Azilal	',	148),
(1901,	'Tanger-Tétouan	',	148),
(1902,	'Taza-Al Hoceima-Taounate	',	148),
(1903,	'Cabo Delgado	',	149),
(1904,	'Gaza	',	149),
(1905,	'Inhambane	',	149),
(1906,	'Manica	',	149),
(1907,	'Maputo	',	149),
(1908,	'Maputo	',	149),
(1909,	'Nampula	',	149),
(1910,	'Niassa	',	149),
(1911,	'Sofala	',	149),
(1912,	'Tete	',	149),
(1913,	'Zambézia	',	149),
(1914,	'Ayeyarwady	',	150),
(1915,	'Bago	',	150),
(1916,	'Chin	',	150),
(1917,	'Kachin	',	150),
(1918,	'Kayah	',	150),
(1919,	'Kayin	',	150),
(1920,	'Magway	',	150),
(1921,	'Mandalay	',	150),
(1922,	'Mon	',	150),
(1923,	'Rakhine	',	150),
(1924,	'Sagaing	',	150),
(1925,	'Shan	',	150),
(1926,	'Tanintharyi	',	150),
(1927,	'Yangon	',	150),
(1928,	'Erongo	',	151),
(1929,	'Hardap	',	151),
(1930,	'Karas	',	151),
(1931,	'Kavango East	',	151),
(1932,	'Kavango West	',	151),
(1933,	'Khomas	',	151),
(1934,	'Kunene	',	151),
(1935,	'Ohangwena	',	151),
(1936,	'Omaheke	',	151),
(1937,	'Omusati	',	151),
(1938,	'Oshana	',	151),
(1939,	'Oshikoto	',	151),
(1940,	'Otjozondjupa	',	151),
(1941,	'Zambezi	',	151),
(1942,	'Aiwo	',	152),
(1943,	'Anabar	',	152),
(1944,	'Anetan	',	152),
(1945,	'Anibare	',	152),
(1946,	'Baiti	',	152),
(1947,	'Boe	',	152),
(1948,	'Buada	',	152),
(1949,	'Denigomodu	',	152),
(1950,	'Ewa	',	152),
(1951,	'Ijuw	',	152),
(1952,	'Meneng	',	152),
(1953,	'Nibok	',	152),
(1954,	'Uaboe	',	152),
(1955,	'Yaren	',	152),
(1956,	'Madhya Pashchimanchal	',	153),
(1957,	'Madhyamanchal	',	153),
(1958,	'Pashchimanchal	',	153),
(1959,	'Purwanchal	',	153),
(1960,	'Sudur Pashchimanchal	',	153),
(1961,	'Drenthe	',	155),
(1962,	'Flevoland	',	155),
(1963,	'Fryslân	',	155),
(1964,	'Gelderland	',	155),
(1965,	'Groningen	',	155),
(1966,	'Limburg	',	155),
(1967,	'Noord-Brabant	',	155),
(1968,	'Noord-Holland	',	155),
(1969,	'Overijssel	',	155),
(1970,	'Utrecht	',	155),
(1971,	'Zeeland	',	155),
(1972,	'Zuid-Holland	',	155),
(1973,	'Aruba	',	155),
(1974,	'Curaçao	',	155),
(1975,	'Sint Maarten	',	155),
(1976,	'Bonaire	',	155),
(1977,	'Saba	',	155),
(1978,	'Sint Eustatius	',	155),
(1979,	'North Island	',	157),
(1980,	'South Island	',	157),
(1981,	'Auckland	',	157),
(1982,	'Bay of Plenty	',	157),
(1983,	'Canterbury	',	157),
(1984,	'Hawke s Bay	',	157),
(1985,	'Manawatu-Wanganui	',	157),
(1986,	'Northland	',	157),
(1987,	'Otago	',	157),
(1988,	'Southland	',	157),
(1989,	'Taranaki	',	157),
(1990,	'Waikato	',	157),
(1991,	'Wellington	',	157),
(1992,	'West Coast	',	157),
(1993,	'Chatham Islands Territory	',	157),
(1994,	'Gisborne District	',	157),
(1995,	'Marlborough District	',	157),
(1996,	'Nelson City	',	157),
(1997,	'Tasman District	',	157),
(1998,	'Atlántico Norte	',	158),
(1999,	'Atlántico Sur	',	158),
(2000,	'Boaco	',	158),
(2001,	'Carazo	',	158),
(2002,	'Chinandega	',	158),
(2003,	'Chontales	',	158),
(2004,	'Estelí	',	158),
(2005,	'Granada	',	158),
(2006,	'Jinotega	',	158),
(2007,	'León	',	158),
(2008,	'Madriz	',	158),
(2009,	'Managua	',	158),
(2010,	'Masaya	',	158),
(2011,	'Matagalpa	',	158),
(2012,	'Nueva Segovia	',	158),
(2013,	'Rivas	',	158),
(2014,	'Río San Juan	',	158),
(2015,	'Agadez	',	159),
(2016,	'Diffa	',	159),
(2017,	'Dosso	',	159),
(2018,	'Maradi	',	159),
(2019,	'Niamey	',	159),
(2020,	'Tahoua	',	159),
(2021,	'Tillabéri	',	159),
(2022,	'Zinder	',	159),
(2023,	'Abia	',	160),
(2024,	'Abuja Federal Capital Territory	',	160),
(2025,	'Adamawa	',	160),
(2026,	'Akwa Ibom	',	160),
(2027,	'Anambra	',	160),
(2028,	'Bauchi	',	160),
(2029,	'Bayelsa	',	160),
(2030,	'Benue	',	160),
(2031,	'Borno	',	160),
(2032,	'Cross River	',	160),
(2033,	'Delta	',	160),
(2034,	'Ebonyi	',	160),
(2035,	'Edo	',	160),
(2036,	'Ekiti	',	160),
(2037,	'Enugu	',	160),
(2038,	'Gombe	',	160),
(2039,	'Imo	',	160),
(2040,	'Jigawa	',	160),
(2041,	'Kaduna	',	160),
(2042,	'Kano	',	160),
(2043,	'Katsina	',	160),
(2044,	'Kebbi	',	160),
(2045,	'Kogi	',	160),
(2046,	'Kwara	',	160),
(2047,	'Lagos	',	160),
(2048,	'Nassarawa	',	160),
(2049,	'Niger	',	160),
(2050,	'Ogun	',	160),
(2051,	'Ondo	',	160),
(2052,	'Osun	',	160),
(2053,	'Oyo	',	160),
(2054,	'Plateau	',	160),
(2055,	'Rivers	',	160),
(2056,	'Sokoto	',	160),
(2057,	'Taraba	',	160),
(2058,	'Yobe	',	160),
(2059,	'Zamfara	',	160),
(2060,	'Akershus	',	164),
(2061,	'Aust-Agder	',	164),
(2062,	'Buskerud	',	164),
(2063,	'Finnmark	',	164),
(2064,	'Hedmark	',	164),
(2065,	'Hordaland	',	164),
(2066,	'Jan Mayen	',	164),
(2067,	'Møre og Romsdal	',	164),
(2068,	'Nord-Trøndelag	',	164),
(2069,	'Nordland	',	164),
(2070,	'Oppland	',	164),
(2071,	'Oslo	',	164),
(2072,	'Rogaland	',	164),
(2073,	'Sogn og Fjordane	',	164),
(2074,	'Svalbard	',	164),
(2075,	'Sør-Trøndelag	',	164),
(2076,	'Telemark	',	164),
(2077,	'Troms	',	164),
(2078,	'Vest-Agder	',	164),
(2079,	'Vestfold	',	164),
(2080,	'Østfold	',	164),
(2081,	'Azad Kashmir	',	166),
(2082,	'Balochistan	',	166),
(2083,	'Federally Administered Tribal Areas	',	166),
(2084,	'Gilgit-Baltistan	',	166),
(2085,	'Islamabad	',	166),
(2086,	'Khyber Pakhtunkhwa	',	166),
(2087,	'Punjab	',	166),
(2088,	'Sindh	',	166),
(2089,	'Aimeliik	',	167),
(2090,	'Airai	',	167),
(2091,	'Angaur	',	167),
(2092,	'Hatobohei	',	167),
(2093,	'Kayangel	',	167),
(2094,	'Koror	',	167),
(2095,	'Melekeok	',	167),
(2096,	'Ngaraard	',	167),
(2097,	'Ngarchelong	',	167),
(2098,	'Ngardmau	',	167),
(2099,	'Ngatpang	',	167),
(2100,	'Ngchesar	',	167),
(2101,	'Ngeremlengui	',	167),
(2102,	'Ngiwal	',	167),
(2103,	'Peleliu	',	167),
(2104,	'Sonsorol	',	167),
(2105,	'Bethlehem	',	168),
(2106,	'Deir El Balah	',	168),
(2107,	'Gaza	',	168),
(2108,	'Hebron	',	168),
(2109,	'Jenin	',	168),
(2110,	'Jericho – Al Aghwar	',	168),
(2111,	'Jerusalem	',	168),
(2112,	'Khan Yunis	',	168),
(2113,	'Nablus	',	168),
(2114,	'North Gaza	',	168),
(2115,	'Qalqilya	',	168),
(2116,	'Rafah	',	168),
(2117,	'Ramallah	',	168),
(2118,	'Salfit	',	168),
(2119,	'Tubas	',	168),
(2120,	'Tulkarm	',	168),
(2121,	'Bocas del Toro	',	169),
(2122,	'Chiriquí	',	169),
(2123,	'Coclé	',	169),
(2124,	'Colón	',	169),
(2125,	'Darién	',	169),
(2126,	'Emberá	',	169),
(2127,	'Herrera	',	169),
(2128,	'Kuna Yala	',	169),
(2129,	'Los Santos	',	169),
(2130,	'Ngöbe-Buglé	',	169),
(2131,	'Panamá	',	169),
(2132,	'Panamá Oeste	',	169),
(2133,	'Veraguas	',	169),
(2134,	'Bougainville	',	170),
(2135,	'Central	',	170),
(2136,	'Chimbu	',	170),
(2137,	'East New Britain	',	170),
(2138,	'East Sepik	',	170),
(2139,	'Eastern Highlands	',	170),
(2140,	'Enga	',	170),
(2141,	'Gulf	',	170),
(2142,	'Madang	',	170),
(2143,	'Manus	',	170),
(2144,	'Milne Bay	',	170),
(2145,	'Morobe	',	170),
(2146,	'National Capital District	',	170),
(2147,	'New Ireland	',	170),
(2148,	'Northern	',	170),
(2149,	'Sandaun	',	170),
(2150,	'Southern Highlands	',	170),
(2151,	'West New Britain	',	170),
(2152,	'Western	',	170),
(2153,	'Western Highlands	',	170),
(2154,	'Alto Paraguay	',	171),
(2155,	'Alto Paraná	',	171),
(2156,	'Amambay	',	171),
(2157,	'Asunción	',	171),
(2158,	'Boquerón	',	171),
(2159,	'Caaguazú	',	171),
(2160,	'Caazapá	',	171),
(2161,	'Canindeyú	',	171),
(2162,	'Central	',	171),
(2163,	'Concepción	',	171),
(2164,	'Cordillera	',	171),
(2165,	'Guairá	',	171),
(2166,	'Itapúa	',	171),
(2167,	'Misiones	',	171),
(2168,	'Paraguarí	',	171),
(2169,	'Presidente Hayes	',	171),
(2170,	'San Pedro	',	171),
(2171,	'Ñeembucú	',	171),
(2172,	'Amazonas	',	172),
(2173,	'Ancash	',	172),
(2174,	'Apurímac	',	172),
(2175,	'Arequipa	',	172),
(2176,	'Ayacucho	',	172),
(2177,	'Cajamarca	',	172),
(2178,	'Cusco	',	172),
(2179,	'El Callao	',	172),
(2180,	'Huancavelica	',	172),
(2181,	'Huánuco	',	172),
(2182,	'Ica	',	172),
(2183,	'Junín	',	172),
(2184,	'La Libertad	',	172),
(2185,	'Lambayeque	',	172),
(2186,	'Lima	',	172),
(2187,	'Loreto	',	172),
(2188,	'Madre de Dios	',	172),
(2189,	'Moquegua	',	172),
(2190,	'Municipalidad Metropolitana de Lima	',	172),
(2191,	'Pasco	',	172),
(2192,	'Piura	',	172),
(2193,	'Puno	',	172),
(2194,	'San Martín	',	172),
(2195,	'Tacna	',	172),
(2196,	'Tumbes	',	172),
(2197,	'Ucayali	',	172),
(2198,	'Autonomous Region in Muslim Mindanao	',	173),
(2199,	'Bicol	',	173),
(2200,	'Cagayan Valley	',	173),
(2201,	'Calabarzon	',	173),
(2202,	'Caraga	',	173),
(2203,	'Central Luzon	',	173),
(2204,	'Central Visayas	',	173),
(2205,	'Cordillera Administrative Region	',	173),
(2206,	'Davao	',	173),
(2207,	'Eastern Visayas	',	173),
(2208,	'Ilocos	',	173),
(2209,	'Mimaropa	',	173),
(2210,	'National Capital Region	',	173),
(2211,	'Northern Mindanao	',	173),
(2212,	'Soccsksargen	',	173),
(2213,	'Western Visayas	',	173),
(2214,	'Zamboanga Peninsula	',	173),
(2215,	'Dolnośląskie	',	175),
(2216,	'Kujawsko-pomorskie	',	175),
(2217,	'Lubelskie	',	175),
(2218,	'Lubuskie	',	175),
(2219,	'Mazowieckie	',	175),
(2220,	'Małopolskie	',	175),
(2221,	'Opolskie	',	175),
(2222,	'Podkarpackie	',	175),
(2223,	'Podlaskie	',	175),
(2224,	'Pomorskie	',	175),
(2225,	'Warmińsko-mazurskie	',	175),
(2226,	'Wielkopolskie	',	175),
(2227,	'Zachodniopomorskie	',	175),
(2228,	'Łódzkie	',	175),
(2229,	'Śląskie	',	175),
(2230,	'Świętokrzyskie	',	175),
(2231,	'Aveiro	',	176),
(2232,	'Beja	',	176),
(2233,	'Braga	',	176),
(2234,	'Bragança	',	176),
(2235,	'Castelo Branco	',	176),
(2236,	'Coimbra	',	176),
(2237,	'Faro	',	176),
(2238,	'Guarda	',	176),
(2239,	'Leiria	',	176),
(2240,	'Lisboa	',	176),
(2241,	'Portalegre	',	176),
(2242,	'Porto	',	176),
(2243,	'Região Autónoma da Madeira	',	176),
(2244,	'Região Autónoma dos Açores	',	176),
(2245,	'Santarém	',	176),
(2246,	'Setúbal	',	176),
(2247,	'Viana do Castelo	',	176),
(2248,	'Vila Real	',	176),
(2249,	'Viseu	',	176),
(2250,	'Évora	',	176),
(2251,	'Ad Dawḩah	',	178),
(2252,	'Al Khawr wa adh Dhakhīrah	',	178),
(2253,	'Al Wakrah	',	178),
(2254,	'Ar Rayyān	',	178),
(2255,	'Ash Shamāl	',	178),
(2256,	'Az̧ Za̧`āyin	',	178),
(2257,	'Umm Şalāl	',	178),
(2258,	'Alba	',	180),
(2259,	'Arad	',	180),
(2260,	'Argeș	',	180),
(2261,	'Bacău	',	180),
(2262,	'Bihor	',	180),
(2263,	'Bistrița-Năsăud	',	180),
(2264,	'Botoșani	',	180),
(2265,	'Brașov	',	180),
(2266,	'Brăila	',	180),
(2267,	'București	',	180),
(2268,	'Buzău	',	180),
(2269,	'Caraș-Severin	',	180),
(2270,	'Cluj	',	180),
(2271,	'Constanța	',	180),
(2272,	'Covasna	',	180),
(2273,	'Călărași	',	180),
(2274,	'Dolj	',	180),
(2275,	'Dâmbovița	',	180),
(2276,	'Galați	',	180),
(2277,	'Giurgiu	',	180),
(2278,	'Gorj	',	180),
(2279,	'Harghita	',	180),
(2280,	'Hunedoara	',	180),
(2281,	'Ialomița	',	180),
(2282,	'Iași	',	180),
(2283,	'Ilfov	',	180),
(2284,	'Maramureș	',	180),
(2285,	'Mehedinți	',	180),
(2286,	'Mureș	',	180),
(2287,	'Neamț	',	180),
(2288,	'Olt	',	180),
(2289,	'Prahova	',	180),
(2290,	'Satu Mare	',	180),
(2291,	'Sibiu	',	180),
(2292,	'Suceava	',	180),
(2293,	'Sălaj	',	180),
(2294,	'Teleorman	',	180),
(2295,	'Timiș	',	180),
(2296,	'Tulcea	',	180),
(2297,	'Vaslui	',	180),
(2298,	'Vrancea	',	180),
(2299,	'Vâlcea	',	180),
(2300,	'Amurskaya oblast	',	181),
(2301,	'Arkhangel skaya oblast	',	181),
(2302,	'Astrakhanskaya oblast	',	181),
(2303,	'Belgorodskaya oblast	',	181),
(2304,	'Bryanskaya oblast	',	181),
(2305,	'Chelyabinskaya oblast	',	181),
(2306,	'Irkutskaya oblast	',	181),
(2307,	'Ivanovskaya oblast	',	181),
(2308,	'Kaliningradskaya oblast	',	181),
(2309,	'Kaluzhskaya oblast	',	181),
(2310,	'Kemerovskaya oblast	',	181),
(2311,	'Kirovskaya oblast	',	181),
(2312,	'Kostromskaya oblast	',	181),
(2313,	'Kurganskaya oblast	',	181),
(2314,	'Kurskaya oblast	',	181),
(2315,	'Leningradskaya oblast	',	181),
(2316,	'Lipetskaya oblast	',	181),
(2317,	'Magadanskaya oblast	',	181),
(2318,	'Moskovskaya oblast	',	181),
(2319,	'Murmanskaya oblast	',	181),
(2320,	'Nizhegorodskaya oblast	',	181),
(2321,	'Novgorodskaya oblast	',	181),
(2322,	'Novosibirskaya oblast	',	181),
(2323,	'Omskaya oblast	',	181),
(2324,	'Orenburgskaya oblast	',	181),
(2325,	'Orlovskaya oblast	',	181),
(2326,	'Penzenskaya oblast	',	181),
(2327,	'Pskovskaya oblast	',	181),
(2328,	'Rostovskaya oblast	',	181),
(2329,	'Ryazanskaya oblast	',	181),
(2330,	'Sakhalinskaya oblast	',	181),
(2331,	'Samarskaya oblast	',	181),
(2332,	'Saratovskaya oblast	',	181),
(2333,	'Smolenskaya oblast	',	181),
(2334,	'Sverdlovskaya oblast	',	181),
(2335,	'Tambovskaya oblast	',	181),
(2336,	'Tomskaya oblast	',	181),
(2337,	'Tul skaya oblast	',	181),
(2338,	'Tverskaya oblast	',	181),
(2339,	'Tyumenskaya oblast	',	181),
(2340,	'Ul yanovskaya oblast	',	181),
(2341,	'Vladimirskaya oblast	',	181),
(2342,	'Volgogradskaya oblast	',	181),
(2343,	'Vologodskaya oblast	',	181),
(2344,	'Voronezhskaya oblast	',	181),
(2345,	'Yaroslavskaya oblast	',	181),
(2346,	'Altayskiy kray	',	181),
(2347,	'Kamchatskiy kray	',	181),
(2348,	'Khabarovskiy kray	',	181),
(2349,	'Krasnodarskiy kray	',	181),
(2350,	'Krasnoyarskiy kray	',	181),
(2351,	'Permskiy kray	',	181),
(2352,	'Primorskiy kray	',	181),
(2353,	'Stavropol skiy kray	',	181),
(2354,	'Zabaykal skiy kray	',	181),
(2355,	'Moskva	',	181),
(2356,	'Sankt-Peterburg	',	181),
(2357,	'Chukotskiy avtonomnyy okrug	',	181),
(2358,	'Khanty-Mansiyskiy avtonomnyy okrug-Yugra	',	181),
(2359,	'Nenetskiy avtonomnyy okrug	',	181),
(2360,	'Yamalo-Nenetskiy avtonomnyy okrug	',	181),
(2361,	'Yevreyskaya avtonomnaya oblast	',	181),
(2362,	'Adygeya, Respublika	',	181),
(2363,	'Altay, Respublika	',	181),
(2364,	'Bashkortostan, Respublika	',	181),
(2365,	'Buryatiya, Respublika	',	181),
(2366,	'Chechenskaya Respublika	',	181),
(2367,	'Chuvashskaya Respublika	',	181),
(2368,	'Dagestan, Respublika	',	181),
(2369,	'Ingushetiya, Respublika	',	181),
(2370,	'Kabardino-Balkarskaya Respublika	',	181),
(2371,	'Kalmykiya, Respublika	',	181),
(2372,	'Karachayevo-Cherkesskaya Respublika	',	181),
(2373,	'Kareliya, Respublika	',	181),
(2374,	'Khakasiya, Respublika	',	181),
(2375,	'Komi, Respublika	',	181),
(2376,	'Mariy El, Respublika	',	181),
(2377,	'Mordoviya, Respublika	',	181),
(2378,	'Sakha, Respublika	',	181),
(2379,	'Severnaya Osetiya-Alaniya, Respublika	',	181),
(2380,	'Tatarstan, Respublika	',	181),
(2381,	'Tyva, Respublika	',	181),
(2382,	'Udmurtskaya Respublika	',	181),
(2383,	'Est	',	182),
(2384,	'Nord	',	182),
(2385,	'Ouest	',	182),
(2386,	'Sud	',	182),
(2387,	'Ville de Kigali	',	182),
(2388,	'Ascension	',	183),
(2389,	'Saint Helena	',	183),
(2390,	'Tristan da Cunha	',	183),
(2391,	'Nevis	',	184),
(2392,	'Saint Kitts	',	184),
(2393,	'Anse la Raye	',	185),
(2394,	'Castries	',	185),
(2395,	'Choiseul	',	185),
(2396,	'Dauphin	',	185),
(2397,	'Dennery	',	185),
(2398,	'Gros Islet	',	185),
(2399,	'Laborie	',	185),
(2400,	'Micoud	',	185),
(2401,	'Praslin	',	185),
(2402,	'Soufrière	',	185),
(2403,	'Vieux Fort	',	185),
(2404,	'Charlotte	',	187),
(2405,	'Grenadines	',	187),
(2406,	'Saint Andrew	',	187),
(2407,	'Saint David	',	187),
(2408,	'Saint George	',	187),
(2409,	'Saint Patrick	',	187),
(2410,	'A ana	',	188),
(2411,	'Aiga-i-le-Tai	',	188),
(2412,	'Atua	',	188),
(2413,	'Fa asaleleaga	',	188),
(2414,	'Gaga emauga	',	188),
(2415,	'Gagaifomauga	',	188),
(2416,	'Palauli	',	188),
(2417,	'Satupa itea	',	188),
(2418,	'Tuamasaga	',	188),
(2419,	'Va a-o-Fonoti	',	188),
(2420,	'Vaisigano	',	188),
(2421,	'Acquaviva	',	189),
(2422,	'Borgo Maggiore	',	189),
(2423,	'Chiesanuova	',	189),
(2424,	'Domagnano	',	189),
(2425,	'Faetano	',	189),
(2426,	'Fiorentino	',	189),
(2427,	'Montegiardino	',	189),
(2428,	'San Marino	',	189),
(2429,	'Serravalle	',	189),
(2430,	'Príncipe	',	190),
(2431,	'São Tomé	',	190),
(2432,	'Al Bāḩah	',	191),
(2433,	'Al Jawf	',	191),
(2434,	'Al Madīnah	',	191),
(2435,	'Al Qaşīm	',	191),
(2436,	'Al Ḩudūd ash Shamālīyah	',	191),
(2437,	'Ar Riyāḑ	',	191),
(2438,	'Ash Sharqīyah	',	191),
(2439,	'Jīzān	',	191),
(2440,	'Makkah	',	191),
(2441,	'Najrān	',	191),
(2442,	'Tabūk	',	191),
(2443,	'Ḩā il	',	191),
(2444,	'Dakar	',	192),
(2445,	'Diourbel	',	192),
(2446,	'Fatick	',	192),
(2447,	'Kaffrine	',	192),
(2448,	'Kaolack	',	192),
(2449,	'Kolda	',	192),
(2450,	'Kédougou	',	192),
(2451,	'Louga	',	192),
(2452,	'Matam	',	192),
(2453,	'Saint-Louis	',	192),
(2454,	'Sédhiou	',	192),
(2455,	'Tambacounda	',	192),
(2456,	'Thiès	',	192),
(2457,	'Ziguinchor	',	192),
(2458,	'Kosovo-Metohija	',	193),
(2459,	'Vojvodina	',	193),
(2460,	'Anse Boileau	',	194),
(2461,	'Anse Etoile	',	194),
(2462,	'Anse Royale	',	194),
(2463,	'Anse aux Pins	',	194),
(2464,	'Au Cap	',	194),
(2465,	'Baie Lazare	',	194),
(2466,	'Baie Sainte Anne	',	194),
(2467,	'Beau Vallon	',	194),
(2468,	'Bel Air	',	194),
(2469,	'Bel Ombre	',	194),
(2470,	'Cascade	',	194),
(2471,	'English River	',	194),
(2472,	'Glacis	',	194),
(2473,	'Grand Anse Mahe	',	194),
(2474,	'Grand Anse Praslin	',	194),
(2475,	'La Digue	',	194),
(2476,	'Les Mamelles	',	194),
(2477,	'Mont Buxton	',	194),
(2478,	'Mont Fleuri	',	194),
(2479,	'Plaisance	',	194),
(2480,	'Pointe Larue	',	194),
(2481,	'Port Glaud	',	194),
(2482,	'Roche Caiman	',	194),
(2483,	'Saint Louis	',	194),
(2484,	'Takamaka	',	194),
(2485,	'Eastern	',	195),
(2486,	'Northern	',	195),
(2487,	'Southern	',	195),
(2488,	'Western Area	',	195),
(2489,	'Central Singapore	',	196),
(2490,	'North East	',	196),
(2491,	'North West	',	196),
(2492,	'South East	',	196),
(2493,	'South West	',	196),
(2494,	'Banskobystrický kraj	',	197),
(2495,	'Bratislavský kraj	',	197),
(2496,	'Košický kraj	',	197),
(2497,	'Nitriansky kraj	',	197),
(2498,	'Prešovský kraj	',	197),
(2499,	'Trenčiansky kraj	',	197),
(2500,	'Trnavský kraj	',	197),
(2501,	'Žilinský kraj	',	197),
(2502,	'Ajdovščina	',	198),
(2503,	'Apače	',	198),
(2504,	'Beltinci	',	198),
(2505,	'Benedikt	',	198),
(2506,	'Bistrica ob Sotli	',	198),
(2507,	'Bled	',	198),
(2508,	'Bloke	',	198),
(2509,	'Bohinj	',	198),
(2510,	'Borovnica	',	198),
(2511,	'Bovec	',	198),
(2512,	'Braslovče	',	198),
(2513,	'Brda	',	198),
(2514,	'Brezovica	',	198),
(2515,	'Brežice	',	198),
(2516,	'Cankova	',	198),
(2517,	'Celje	',	198),
(2518,	'Cerklje na Gorenjskem	',	198),
(2519,	'Cerknica	',	198),
(2520,	'Cerkno	',	198),
(2521,	'Cerkvenjak	',	198),
(2522,	'Cirkulane	',	198),
(2523,	'Destrnik	',	198),
(2524,	'Divača	',	198),
(2525,	'Dobje	',	198),
(2526,	'Dobrepolje	',	198),
(2527,	'Dobrna	',	198),
(2528,	'Dobrova–Polhov Gradec	',	198),
(2529,	'Dobrovnik	',	198),
(2530,	'Dol pri Ljubljani	',	198),
(2531,	'Dolenjske Toplice	',	198),
(2532,	'Domžale	',	198),
(2533,	'Dornava	',	198),
(2534,	'Dravograd	',	198),
(2535,	'Duplek	',	198),
(2536,	'Gorenja vas–Poljane	',	198),
(2537,	'Gorišnica	',	198),
(2538,	'Gorje	',	198),
(2539,	'Gornja Radgona	',	198),
(2540,	'Gornji Grad	',	198),
(2541,	'Gornji Petrovci	',	198),
(2542,	'Grad	',	198),
(2543,	'Grosuplje	',	198),
(2544,	'Hajdina	',	198),
(2545,	'Hodoš	',	198),
(2546,	'Horjul	',	198),
(2547,	'Hoče–Slivnica	',	198),
(2548,	'Hrastnik	',	198),
(2549,	'Hrpelje-Kozina	',	198),
(2550,	'Idrija	',	198),
(2551,	'Ig	',	198),
(2552,	'Ilirska Bistrica	',	198),
(2553,	'Ivančna Gorica	',	198),
(2554,	'Izola	',	198),
(2555,	'Jesenice	',	198),
(2556,	'Jezersko	',	198),
(2557,	'Juršinci	',	198),
(2558,	'Kamnik	',	198),
(2559,	'Kanal	',	198),
(2560,	'Kidričevo	',	198),
(2561,	'Kobarid	',	198),
(2562,	'Kobilje	',	198),
(2563,	'Komen	',	198),
(2564,	'Komenda	',	198),
(2565,	'Koper	',	198),
(2566,	'Kosanjevica na Krki	',	198),
(2567,	'Kostel	',	198),
(2568,	'Kozje	',	198),
(2569,	'Kočevje	',	198),
(2570,	'Kranj	',	198),
(2571,	'Kranjska Gora	',	198),
(2572,	'Križevci	',	198),
(2573,	'Krško	',	198),
(2574,	'Kungota	',	198),
(2575,	'Kuzma	',	198),
(2576,	'Laško	',	198),
(2577,	'Lenart	',	198),
(2578,	'Lendava	',	198),
(2579,	'Litija	',	198),
(2580,	'Ljubljana	',	198),
(2581,	'Ljubno	',	198),
(2582,	'Ljutomer	',	198),
(2583,	'Log-Dragomer	',	198),
(2584,	'Logatec	',	198),
(2585,	'Lovrenc na Pohorju	',	198),
(2586,	'Loška Dolina	',	198),
(2587,	'Loški Potok	',	198),
(2588,	'Lukovica	',	198),
(2589,	'Luče	',	198),
(2590,	'Majšperk	',	198),
(2591,	'Makole	',	198),
(2592,	'Maribor	',	198),
(2593,	'Markovci	',	198),
(2594,	'Medvode	',	198),
(2595,	'Mengeš	',	198),
(2596,	'Metlika	',	198),
(2597,	'Mežica	',	198),
(2598,	'Miklavž na Dravskem Polju	',	198),
(2599,	'Miren–Kostanjevica	',	198),
(2600,	'Mirna Peč	',	198),
(2601,	'Mislinja	',	198),
(2602,	'Mokronog–Trebelno	',	198),
(2603,	'Moravske Toplice	',	198),
(2604,	'Moravče	',	198),
(2605,	'Mozirje	',	198),
(2606,	'Murska Sobota	',	198),
(2607,	'Muta	',	198),
(2608,	'Naklo	',	198),
(2609,	'Nazarje	',	198),
(2610,	'Nova Gorica	',	198),
(2611,	'Novo Mesto	',	198),
(2612,	'Odranci	',	198),
(2613,	'Oplotnica	',	198),
(2614,	'Ormož	',	198),
(2615,	'Osilnica	',	198),
(2616,	'Pesnica	',	198),
(2617,	'Piran	',	198),
(2618,	'Pivka	',	198),
(2619,	'Podlehnik	',	198),
(2620,	'Podvelka	',	198),
(2621,	'Podčetrtek	',	198),
(2622,	'Poljčane	',	198),
(2623,	'Polzela	',	198),
(2624,	'Postojna	',	198),
(2625,	'Prebold	',	198),
(2626,	'Preddvor	',	198),
(2627,	'Prevalje	',	198),
(2628,	'Ptuj	',	198),
(2629,	'Puconci	',	198),
(2630,	'Radenci	',	198),
(2631,	'Radeče	',	198),
(2632,	'Radlje ob Dravi	',	198),
(2633,	'Radovljica	',	198),
(2634,	'Ravne na Koroškem	',	198),
(2635,	'Razkrižje	',	198),
(2636,	'Rače–Fram	',	198),
(2637,	'Renče-Vogrsko	',	198),
(2638,	'Rečica ob Savinji	',	198),
(2639,	'Ribnica	',	198),
(2640,	'Ribnica na Pohorju	',	198),
(2641,	'Rogatec	',	198),
(2642,	'Rogaška Slatina	',	198),
(2643,	'Rogašovci	',	198),
(2644,	'Ruše	',	198),
(2645,	'Selnica ob Dravi	',	198),
(2646,	'Semič	',	198),
(2647,	'Sevnica	',	198),
(2648,	'Sežana	',	198),
(2649,	'Slovenj Gradec	',	198),
(2650,	'Slovenska Bistrica	',	198),
(2651,	'Slovenske Konjice	',	198),
(2652,	'Sodražica	',	198),
(2653,	'Solčava	',	198),
(2654,	'Središče ob Dravi	',	198),
(2655,	'Starše	',	198),
(2656,	'Straža	',	198),
(2657,	'Sveta Ana	',	198),
(2658,	'Sveta Trojica v Slovenskih Goricah	',	198),
(2659,	'Sveti Andraž v Slovenskih Goricah	',	198),
(2660,	'Sveti Jurij	',	198),
(2661,	'Sveti Jurij v Slovenskih Goricah	',	198),
(2662,	'Sveti Tomaž	',	198),
(2663,	'Tabor	',	198),
(2664,	'Tišina	',	198),
(2665,	'Tolmin	',	198),
(2666,	'Trbovlje	',	198),
(2667,	'Trebnje	',	198),
(2668,	'Trnovska Vas	',	198),
(2669,	'Trzin	',	198),
(2670,	'Tržič	',	198),
(2671,	'Turnišče	',	198),
(2672,	'Velenje	',	198),
(2673,	'Velika Polana	',	198),
(2674,	'Velike Lašče	',	198),
(2675,	'Veržej	',	198),
(2676,	'Videm	',	198),
(2677,	'Vipava	',	198),
(2678,	'Vitanje	',	198),
(2679,	'Vodice	',	198),
(2680,	'Vojnik	',	198),
(2681,	'Vransko	',	198),
(2682,	'Vrhnika	',	198),
(2683,	'Vuzenica	',	198),
(2684,	'Zagorje ob Savi	',	198),
(2685,	'Zavrč	',	198),
(2686,	'Zreče	',	198),
(2687,	'Črenšovci	',	198),
(2688,	'Črna na Koroškem	',	198),
(2689,	'Črnomelj	',	198),
(2690,	'Šalovci	',	198),
(2691,	'Šempeter–Vrtojba	',	198),
(2692,	'Šentilj	',	198),
(2693,	'Šentjernej	',	198),
(2694,	'Šentjur	',	198),
(2695,	'Šentrupert	',	198),
(2696,	'Šenčur	',	198),
(2697,	'Škocjan	',	198),
(2698,	'Škofja Loka	',	198),
(2699,	'Škofljica	',	198),
(2700,	'Šmarje pri Jelšah	',	198),
(2701,	'Šmarješke Toplice	',	198),
(2702,	'Šmartno ob Paki	',	198),
(2703,	'Šmartno pri Litiji	',	198),
(2704,	'Šoštanj	',	198),
(2705,	'Štore	',	198),
(2706,	'Žalec	',	198),
(2707,	'Železniki	',	198),
(2708,	'Žetale	',	198),
(2709,	'Žiri	',	198),
(2710,	'Žirovnica	',	198),
(2711,	'Žužemberk	',	198),
(2712,	'Capital Territory	',	200),
(2713,	'Central	',	200),
(2714,	'Choiseul	',	200),
(2715,	'Guadalcanal	',	200),
(2716,	'Isabel	',	200),
(2717,	'Makira-Ulawa	',	200),
(2718,	'Malaita	',	200),
(2719,	'Rennell and Bellona	',	200),
(2720,	'Temotu	',	200),
(2721,	'Western	',	200),
(2722,	'Awdal	',	201),
(2723,	'Bakool	',	201),
(2724,	'Banaadir	',	201),
(2725,	'Bari	',	201),
(2726,	'Bay	',	201),
(2727,	'Galguduud	',	201),
(2728,	'Gedo	',	201),
(2729,	'Hiiraan	',	201),
(2730,	'Jubbada Dhexe	',	201),
(2731,	'Jubbada Hoose	',	201),
(2732,	'Mudug	',	201),
(2733,	'Nugaal	',	201),
(2734,	'Sanaag	',	201),
(2735,	'Shabeellaha Dhexe	',	201),
(2736,	'Shabeellaha Hoose	',	201),
(2737,	'Sool	',	201),
(2738,	'Togdheer	',	201),
(2739,	'Woqooyi Galbeed	',	201),
(2740,	'Eastern Cape	',	202),
(2741,	'Free State	',	202),
(2742,	'Gauteng	',	202),
(2743,	'KwaZulu-Natal	',	202),
(2744,	'Limpopo	',	202),
(2745,	'Mpumalanga	',	202),
(2746,	'North West	',	202),
(2747,	'Northern Cape	',	202),
(2748,	'Western Cape	',	202),
(2749,	'Central Equatoria	',	204),
(2750,	'Eastern Equatoria	',	204),
(2751,	'Jonglei	',	204),
(2752,	'Lakes	',	204),
(2753,	'Northern Bahr el Ghazal	',	204),
(2754,	'Unity	',	204),
(2755,	'Upper Nile	',	204),
(2756,	'Warrap	',	204),
(2757,	'Western Bahr el Ghazal	',	204),
(2758,	'Western Equatoria	',	204),
(2759,	'A Coruña	',	205),
(2760,	'Albacete	',	205),
(2761,	'Alicante	',	205),
(2762,	'Almería	',	205),
(2763,	'Asturias	',	205),
(2764,	'Badajoz	',	205),
(2765,	'Balears	',	205),
(2766,	'Barcelona	',	205),
(2767,	'Burgos	',	205),
(2768,	'Cantabria	',	205),
(2769,	'Castellón	',	205),
(2770,	'Ciudad Real	',	205),
(2771,	'Cuenca	',	205),
(2772,	'Cáceres	',	205),
(2773,	'Cádiz	',	205),
(2774,	'Córdoba	',	205),
(2775,	'Girona	',	205),
(2776,	'Granada	',	205),
(2777,	'Guadalajara	',	205),
(2778,	'Guipúzcoa	',	205),
(2779,	'Huelva	',	205),
(2780,	'Huesca	',	205),
(2781,	'Jaén	',	205),
(2782,	'La Rioja	',	205),
(2783,	'Las Palmas	',	205),
(2784,	'León	',	205),
(2785,	'Lleida	',	205),
(2786,	'Lugo	',	205),
(2787,	'Madrid	',	205),
(2788,	'Murcia	',	205),
(2789,	'Málaga	',	205),
(2790,	'Navarra	',	205),
(2791,	'Ourense	',	205),
(2792,	'Palencia	',	205),
(2793,	'Pontevedra	',	205),
(2794,	'Salamanca	',	205),
(2795,	'Santa Cruz de Tenerife	',	205),
(2796,	'Segovia	',	205),
(2797,	'Sevilla	',	205),
(2798,	'Soria	',	205),
(2799,	'Tarragona	',	205),
(2800,	'Teruel	',	205),
(2801,	'Toledo	',	205),
(2802,	'Valencia	',	205),
(2803,	'Valladolid	',	205),
(2804,	'Vizcaya	',	205),
(2805,	'Zamora	',	205),
(2806,	'Zaragoza	',	205),
(2807,	'Álava	',	205),
(2808,	'Ávila	',	205),
(2809,	'Ceuta	',	205),
(2810,	'Melilla	',	205),
(2811,	'Andalucía	',	205),
(2812,	'Aragón	',	205),
(2813,	'Asturias, Principado de	',	205),
(2814,	'Canarias	',	205),
(2815,	'Cantabria	',	205),
(2816,	'Castilla y León	',	205),
(2817,	'Castilla-La Mancha	',	205),
(2818,	'Catalunya	',	205),
(2819,	'Extremadura	',	205),
(2820,	'Galicia	',	205),
(2821,	'Illes Balears	',	205),
(2822,	'La Rioja	',	205),
(2823,	'Madrid, Comunidad de	',	205),
(2824,	'Murcia, Región de	',	205),
(2825,	'Navarra, Comunidad Foral de	',	205),
(2826,	'País Vasco	',	205),
(2827,	'Valenciana, Comunidad	',	205),
(2828,	'Central Province	',	206),
(2829,	'Eastern Province	',	206),
(2830,	'North Central Province	',	206),
(2831,	'North Western Province	',	206),
(2832,	'Northern Province	',	206),
(2833,	'Sabaragamuwa Province	',	206),
(2834,	'Southern Province	',	206),
(2835,	'Uva Province	',	206),
(2836,	'Western Province	',	206),
(2837,	'Al Baḩr al Aḩmar	',	207),
(2838,	'Al Jazīrah	',	207),
(2839,	'Al Kharţūm	',	207),
(2840,	'Al Qaḑārif	',	207),
(2841,	'An Nīl	',	207),
(2842,	'An Nīl al Abyaḑ	',	207),
(2843,	'An Nīl al Azraq	',	207),
(2844,	'Ash Shamālīyah	',	207),
(2845,	'Gharb Dārfūr	',	207),
(2846,	'Janūb Dārfūr	',	207),
(2847,	'Janūb Kurdufān	',	207),
(2848,	'Kassalā	',	207),
(2849,	'Shamāl Dārfūr	',	207),
(2850,	'Shamāl Kurdufān	',	207),
(2851,	'Sharq Dārfūr	',	207),
(2852,	'Sinnār	',	207),
(2853,	'Zalingei	',	207),
(2854,	'Brokopondo	',	208),
(2855,	'Commewijne	',	208),
(2856,	'Coronie	',	208),
(2857,	'Marowijne	',	208),
(2858,	'Nickerie	',	208),
(2859,	'Para	',	208),
(2860,	'Paramaribo	',	208),
(2861,	'Saramacca	',	208),
(2862,	'Sipaliwini	',	208),
(2863,	'Wanica	',	208),
(2864,	'Hhohho	',	210),
(2865,	'Lubombo	',	210),
(2866,	'Manzini	',	210),
(2867,	'Shiselweni	',	210),
(2868,	'Blekinge län	',	211),
(2869,	'Dalarnas län	',	211),
(2870,	'Gotlands län	',	211),
(2871,	'Gävleborgs län	',	211),
(2872,	'Hallands län	',	211),
(2873,	'Jämtlands län	',	211),
(2874,	'Jönköpings län	',	211),
(2875,	'Kalmar län	',	211),
(2876,	'Kronobergs län	',	211),
(2877,	'Norrbottens län	',	211),
(2878,	'Skåne län	',	211),
(2879,	'Stockholms län	',	211),
(2880,	'Södermanlands län	',	211),
(2881,	'Uppsala län	',	211),
(2882,	'Värmlands län	',	211),
(2883,	'Västerbottens län	',	211),
(2884,	'Västernorrlands län	',	211),
(2885,	'Västmanlands län	',	211),
(2886,	'Västra Götalands län	',	211),
(2887,	'Örebro län	',	211),
(2888,	'Östergötlands län	',	211),
(2889,	'Aargau	',	212),
(2890,	'Appenzell Ausserrhoden	',	212),
(2891,	'Appenzell Innerrhoden	',	212),
(2892,	'Basel-Landschaft	',	212),
(2893,	'Basel-Stadt	',	212),
(2894,	'Bern	',	212),
(2895,	'Fribourg	',	212),
(2896,	'Genève	',	212),
(2897,	'Glarus	',	212),
(2898,	'Graubünden	',	212),
(2899,	'Jura	',	212),
(2900,	'Luzern	',	212),
(2901,	'Neuchâtel	',	212),
(2902,	'Nidwalden	',	212),
(2903,	'Obwalden	',	212),
(2904,	'Sankt Gallen	',	212),
(2905,	'Schaffhausen	',	212),
(2906,	'Schwyz	',	212),
(2907,	'Solothurn	',	212),
(2908,	'Thurgau	',	212),
(2909,	'Ticino	',	212),
(2910,	'Uri	',	212),
(2911,	'Valais	',	212),
(2912,	'Vaud	',	212),
(2913,	'Zug	',	212),
(2914,	'Zürich	',	212),
(2915,	'Al Lādhiqīyah	',	213),
(2916,	'Al Qunayţirah	',	213),
(2917,	'Al Ḩasakah	',	213),
(2918,	'Ar Raqqah	',	213),
(2919,	'As Suwaydā	',	213),
(2920,	'Darٰā	',	213),
(2921,	'Dayr az Zawr	',	213),
(2922,	'Dimashq	',	213),
(2923,	'Idlib	',	213),
(2924,	'Rīf Dimashq	',	213),
(2925,	'Ţarţūs	',	213),
(2926,	'Ḩalab	',	213),
(2927,	'Ḩamāh	',	213),
(2928,	'Ḩimş	',	213),
(2929,	'Changhua	',	214),
(2930,	'Chiayi	',	214),
(2931,	'Chiayi	',	214),
(2932,	'Hsinchu	',	214),
(2933,	'Hsinchu	',	214),
(2934,	'Hualien	',	214),
(2935,	'Ilan	',	214),
(2936,	'Kaohsiung	',	214),
(2937,	'Kaohsiung	',	214),
(2938,	'Keelung	',	214),
(2939,	'Miaoli	',	214),
(2940,	'Nantou	',	214),
(2941,	'Penghu	',	214),
(2942,	'Pingtung	',	214),
(2943,	'Taichung	',	214),
(2944,	'Taichung	',	214),
(2945,	'Tainan	',	214),
(2946,	'Tainan	',	214),
(2947,	'Taipei	',	214),
(2948,	'Taipei	',	214),
(2949,	'Taitung	',	214),
(2950,	'Taoyuan	',	214),
(2951,	'Yunlin	',	214),
(2952,	'Dushanbe	',	215),
(2953,	'Khatlon	',	215),
(2954,	'Kŭhistoni Badakhshon	',	215),
(2955,	'Sughd	',	215),
(2956,	'Arusha	',	216),
(2957,	'Dar es Salaam	',	216),
(2958,	'Dodoma	',	216),
(2959,	'Iringa	',	216),
(2960,	'Kagera	',	216),
(2961,	'Kaskazini Pemba	',	216),
(2962,	'Kaskazini Unguja	',	216),
(2963,	'Kigoma	',	216),
(2964,	'Kilimanjaro	',	216),
(2965,	'Kusini Pemba	',	216),
(2966,	'Kusini Unguja	',	216),
(2967,	'Lindi	',	216),
(2968,	'Manyara	',	216),
(2969,	'Mara	',	216),
(2970,	'Mbeya	',	216),
(2971,	'Mjini Magharibi	',	216),
(2972,	'Morogoro	',	216),
(2973,	'Mtwara	',	216),
(2974,	'Mwanza	',	216),
(2975,	'Pwani	',	216),
(2976,	'Rukwa	',	216),
(2977,	'Ruvuma	',	216),
(2978,	'Shinyanga	',	216),
(2979,	'Singida	',	216),
(2980,	'Tabora	',	216),
(2981,	'Tanga	',	216),
(2982,	'Amnat Charoen	',	217),
(2983,	'Ang Thong	',	217),
(2984,	'Bueng Kan	',	217),
(2985,	'Buri Ram	',	217),
(2986,	'Chachoengsao	',	217),
(2987,	'Chai Nat	',	217),
(2988,	'Chaiyaphum	',	217),
(2989,	'Chanthaburi	',	217),
(2990,	'Chiang Mai	',	217),
(2991,	'Chiang Rai	',	217),
(2992,	'Chon Buri	',	217),
(2993,	'Chumphon	',	217),
(2994,	'Kalasin	',	217),
(2995,	'Kamphaeng Phet	',	217),
(2996,	'Kanchanaburi	',	217),
(2997,	'Khon Kaen	',	217),
(2998,	'Krabi	',	217),
(2999,	'Krung Thep Maha Nakhon	',	217),
(3000,	'Lampang	',	217),
(3001,	'Lamphun	',	217),
(3002,	'Loei	',	217),
(3003,	'Lop Buri	',	217),
(3004,	'Mae Hong Son	',	217),
(3005,	'Maha Sarakham	',	217),
(3006,	'Mukdahan	',	217),
(3007,	'Nakhon Nayok	',	217),
(3008,	'Nakhon Pathom	',	217),
(3009,	'Nakhon Phanom	',	217),
(3010,	'Nakhon Ratchasima	',	217),
(3011,	'Nakhon Sawan	',	217),
(3012,	'Nakhon Si Thammarat	',	217),
(3013,	'Nan	',	217),
(3014,	'Narathiwat	',	217),
(3015,	'Nong Bua Lam Phu	',	217),
(3016,	'Nong Khai	',	217),
(3017,	'Nonthaburi	',	217),
(3018,	'Pathum Thani	',	217),
(3019,	'Pattani	',	217),
(3020,	'Phangnga	',	217),
(3021,	'Phatthalung	',	217),
(3022,	'Phatthaya	',	217),
(3023,	'Phayao	',	217),
(3024,	'Phetchabun	',	217),
(3025,	'Phetchaburi	',	217),
(3026,	'Phichit	',	217),
(3027,	'Phitsanulok	',	217),
(3028,	'Phra Nakhon Si Ayutthaya	',	217),
(3029,	'Phrae	',	217),
(3030,	'Phuket	',	217),
(3031,	'Prachin Buri	',	217),
(3032,	'Prachuap Khiri Khan	',	217),
(3033,	'Ranong	',	217),
(3034,	'Ratchaburi	',	217),
(3035,	'Rayong	',	217),
(3036,	'Roi Et	',	217),
(3037,	'Sa Kaeo	',	217),
(3038,	'Sakon Nakhon	',	217),
(3039,	'Samut Prakan	',	217),
(3040,	'Samut Sakhon	',	217),
(3041,	'Samut Songkhram	',	217),
(3042,	'Saraburi	',	217),
(3043,	'Satun	',	217),
(3044,	'Si Sa Ket	',	217),
(3045,	'Sing Buri	',	217),
(3046,	'Songkhla	',	217),
(3047,	'Sukhothai	',	217),
(3048,	'Suphan Buri	',	217),
(3049,	'Surat Thani	',	217),
(3050,	'Surin	',	217),
(3051,	'Tak	',	217),
(3052,	'Trang	',	217),
(3053,	'Trat	',	217),
(3054,	'Ubon Ratchathani	',	217),
(3055,	'Udon Thani	',	217),
(3056,	'Uthai Thani	',	217),
(3057,	'Uttaradit	',	217),
(3058,	'Yala	',	217),
(3059,	'Yasothon	',	217),
(3060,	'Centre	',	218),
(3061,	'Kara	',	218),
(3062,	'Maritime	',	218),
(3063,	'Plateaux	',	218),
(3064,	'Savannes	',	218),
(3065,	'Eua	',	220),
(3066,	'Ha apai	',	220),
(3067,	'Niuas	',	220),
(3068,	'Tongatapu	',	220),
(3069,	'Vava u	',	220),
(3070,	'Arima	',	221),
(3071,	'Chaguanas	',	221),
(3072,	'Couva-Tabaquite-Talparo	',	221),
(3073,	'Diego Martin	',	221),
(3074,	'Eastern Tobago	',	221),
(3075,	'Penal-Debe	',	221),
(3076,	'Point Fortin	',	221),
(3077,	'Port of Spain	',	221),
(3078,	'Princes Town	',	221),
(3079,	'Rio Claro-Mayaro	',	221),
(3080,	'San Fernando	',	221),
(3081,	'San Juan-Laventille	',	221),
(3082,	'Sangre Grande	',	221),
(3083,	'Siparia	',	221),
(3084,	'Tunapuna-Piarco	',	221),
(3085,	'Western Tobago	',	221),
(3086,	'Ariana	',	222),
(3087,	'Ben Arous	',	222),
(3088,	'Bizerte	',	222),
(3089,	'Béja	',	222),
(3090,	'Gabès	',	222),
(3091,	'Gafsa	',	222),
(3092,	'Jendouba	',	222),
(3093,	'Kairouan	',	222),
(3094,	'Kasserine	',	222),
(3095,	'Kebili	',	222),
(3096,	'La Manouba	',	222),
(3097,	'Le Kef	',	222),
(3098,	'Mahdia	',	222),
(3099,	'Medenine	',	222),
(3100,	'Monastir	',	222),
(3101,	'Nabeul	',	222),
(3102,	'Sfax	',	222),
(3103,	'Sidi Bouzid	',	222),
(3104,	'Siliana	',	222),
(3105,	'Sousse	',	222),
(3106,	'Tataouine	',	222),
(3107,	'Tozeur	',	222),
(3108,	'Tunis	',	222),
(3109,	'Zaghouan	',	222),
(3110,	'Adana	',	223),
(3111,	'Adıyaman	',	223),
(3112,	'Afyonkarahisar	',	223),
(3113,	'Aksaray	',	223),
(3114,	'Amasya	',	223),
(3115,	'Ankara	',	223),
(3116,	'Antalya	',	223),
(3117,	'Ardahan	',	223),
(3118,	'Artvin	',	223),
(3119,	'Aydın	',	223),
(3120,	'Ağrı	',	223),
(3121,	'Balıkesir	',	223),
(3122,	'Bartın	',	223),
(3123,	'Batman	',	223),
(3124,	'Bayburt	',	223),
(3125,	'Bilecik	',	223),
(3126,	'Bingöl	',	223),
(3127,	'Bitlis	',	223),
(3128,	'Bolu	',	223),
(3129,	'Burdur	',	223),
(3130,	'Bursa	',	223),
(3131,	'Denizli	',	223),
(3132,	'Diyarbakır	',	223),
(3133,	'Düzce	',	223),
(3134,	'Edirne	',	223),
(3135,	'Elazığ	',	223),
(3136,	'Erzincan	',	223),
(3137,	'Erzurum	',	223),
(3138,	'Eskişehir	',	223),
(3139,	'Gaziantep	',	223),
(3140,	'Giresun	',	223),
(3141,	'Gümüşhane	',	223),
(3142,	'Hakkâri	',	223),
(3143,	'Hatay	',	223),
(3144,	'Isparta	',	223),
(3145,	'Iğdır	',	223),
(3146,	'Kahramanmaraş	',	223),
(3147,	'Karabük	',	223),
(3148,	'Karaman	',	223),
(3149,	'Kars	',	223),
(3150,	'Kastamonu	',	223),
(3151,	'Kayseri	',	223),
(3152,	'Kilis	',	223),
(3153,	'Kocaeli	',	223),
(3154,	'Konya	',	223),
(3155,	'Kütahya	',	223),
(3156,	'Kırklareli	',	223),
(3157,	'Kırıkkale	',	223),
(3158,	'Kırşehir	',	223),
(3159,	'Malatya	',	223),
(3160,	'Manisa	',	223),
(3161,	'Mardin	',	223),
(3162,	'Mersin	',	223),
(3163,	'Muğla	',	223),
(3164,	'Muş	',	223),
(3165,	'Nevşehir	',	223),
(3166,	'Niğde	',	223),
(3167,	'Ordu	',	223),
(3168,	'Osmaniye	',	223),
(3169,	'Rize	',	223),
(3170,	'Sakarya	',	223),
(3171,	'Samsun	',	223),
(3172,	'Siirt	',	223),
(3173,	'Sinop	',	223),
(3174,	'Sivas	',	223),
(3175,	'Tekirdağ	',	223),
(3176,	'Tokat	',	223),
(3177,	'Trabzon	',	223),
(3178,	'Tunceli	',	223),
(3179,	'Uşak	',	223),
(3180,	'Van	',	223),
(3181,	'Yalova	',	223),
(3182,	'Yozgat	',	223),
(3183,	'Zonguldak	',	223),
(3184,	'Çanakkale	',	223),
(3185,	'Çankırı	',	223),
(3186,	'Çorum	',	223),
(3187,	'İstanbul	',	223),
(3188,	'İzmir	',	223),
(3189,	'Şanlıurfa	',	223),
(3190,	'Şırnak	',	223),
(3191,	'Ahal	',	224),
(3192,	'Aşgabat	',	224),
(3193,	'Balkan	',	224),
(3194,	'Daşoguz	',	224),
(3195,	'Lebap	',	224),
(3196,	'Mary	',	224),
(3197,	'Funafuti	',	226),
(3198,	'Nanumanga	',	226),
(3199,	'Nanumea	',	226),
(3200,	'Niutao	',	226),
(3201,	'Nui	',	226),
(3202,	'Nukufetau	',	226),
(3203,	'Nukulaelae	',	226),
(3204,	'Vaitupu	',	226),
(3205,	'Central	',	227),
(3206,	'Eastern	',	227),
(3207,	'Northern	',	227),
(3208,	'Western	',	227),
(3209,	'Avtonomna Respublika Krym	',	228),
(3210,	'Cherkas ka Oblast	',	228),
(3211,	'Chernihivs ka Oblast	',	228),
(3212,	'Chernivets ka Oblast	',	228),
(3213,	'Dnipropetrovs ka Oblast	',	228),
(3214,	'Donets ka Oblast	',	228),
(3215,	'Ivano-Frankivs ka Oblast	',	228),
(3216,	'Kharkivs ka Oblast	',	228),
(3217,	'Khersons ka Oblast	',	228),
(3218,	'Khmel nyts ka Oblast	',	228),
(3219,	'Kirovohrads ka Oblast	',	228),
(3220,	'Kyïv	',	228),
(3221,	'Kyïvs ka Oblast	',	228),
(3222,	'L vivs ka Oblast	',	228),
(3223,	'Luhans ka Oblast	',	228),
(3224,	'Mykolaïvs ka Oblast	',	228),
(3225,	'Odes ka Oblast	',	228),
(3226,	'Poltavs ka Oblast	',	228),
(3227,	'Rivnens ka Oblast	',	228),
(3228,	'Sevastopol	',	228),
(3229,	'Sums ka Oblast	',	228),
(3230,	'Ternopil s ka Oblast	',	228),
(3231,	'Vinnyts ka Oblast	',	228),
(3232,	'Volyns ka Oblast	',	228),
(3233,	'Zakarpats ka Oblast	',	228),
(3234,	'Zaporiz ka Oblast	',	228),
(3235,	'Zhytomyrs ka Oblast	',	228),
(3236,	'Ajmān	',	229),
(3237,	'Abū Z̧aby	',	229),
(3238,	'Al Fujayrah	',	229),
(3239,	'Ash Shāriqah	',	229),
(3240,	'Dubayy	',	229),
(3241,	'Ra s al Khaymah	',	229),
(3242,	'Umm al Qaywayn	',	229),
(3243,	'Barking and Dagenham	',	230),
(3244,	'Barnet	',	230),
(3245,	'Bexley	',	230),
(3246,	'Brent	',	230),
(3247,	'Bromley	',	230),
(3248,	'Camden	',	230),
(3249,	'Croydon	',	230),
(3250,	'Ealing	',	230),
(3251,	'Enfield	',	230),
(3252,	'Greenwich	',	230),
(3253,	'Hackney	',	230),
(3254,	'Hammersmith and Fulham	',	230),
(3255,	'Haringey	',	230),
(3256,	'Harrow	',	230),
(3257,	'Havering	',	230),
(3258,	'Hillingdon	',	230),
(3259,	'Hounslow	',	230),
(3260,	'Islington	',	230),
(3261,	'Kensington and Chelsea	',	230),
(3262,	'Kingston upon Thames	',	230),
(3263,	'Lambeth	',	230),
(3264,	'Lewisham	',	230),
(3265,	'Merton	',	230),
(3266,	'Newham	',	230),
(3267,	'Redbridge	',	230),
(3268,	'Richmond upon Thames	',	230),
(3269,	'Southwark	',	230),
(3270,	'Sutton	',	230),
(3271,	'Tower Hamlets	',	230),
(3272,	'Waltham Forest	',	230),
(3273,	'Wandsworth	',	230),
(3274,	'Westminster	',	230),
(3275,	'England and Wales	',	230),
(3276,	'Great Britain	',	230),
(3277,	'United Kingdom	',	230),
(3278,	'London, City of	',	230),
(3279,	'Aberdeen City	',	230),
(3280,	'Aberdeenshire	',	230),
(3281,	'Angus	',	230),
(3282,	'Argyll and Bute	',	230),
(3283,	'Clackmannanshire	',	230),
(3284,	'Dumfries and Galloway	',	230),
(3285,	'Dundee City	',	230),
(3286,	'East Ayrshire	',	230),
(3287,	'East Dunbartonshire	',	230),
(3288,	'East Lothian	',	230),
(3289,	'East Renfrewshire	',	230),
(3290,	'Edinburgh, City of	',	230),
(3291,	'Eilean Siar	',	230),
(3292,	'Falkirk	',	230),
(3293,	'Fife	',	230),
(3294,	'Glasgow City	',	230),
(3295,	'Highland	',	230),
(3296,	'Inverclyde	',	230),
(3297,	'Midlothian	',	230),
(3298,	'Moray	',	230),
(3299,	'North Ayrshire	',	230),
(3300,	'North Lanarkshire	',	230),
(3301,	'Orkney Islands	',	230),
(3302,	'Perth and Kinross	',	230),
(3303,	'Renfrewshire	',	230),
(3304,	'Scottish Borders, The	',	230),
(3305,	'Shetland Islands	',	230),
(3306,	'South Ayrshire	',	230),
(3307,	'South Lanarkshire	',	230),
(3308,	'Stirling	',	230),
(3309,	'West Dunbartonshire	',	230),
(3310,	'West Lothian	',	230),
(3311,	'England	',	230),
(3312,	'Scotland	',	230),
(3313,	'Wales	',	230),
(3314,	'Antrim	',	230),
(3315,	'Ards	',	230),
(3316,	'Armagh	',	230),
(3317,	'Ballymena	',	230),
(3318,	'Ballymoney	',	230),
(3319,	'Banbridge	',	230),
(3320,	'Belfast	',	230),
(3321,	'Carrickfergus	',	230),
(3322,	'Castlereagh	',	230),
(3323,	'Coleraine	',	230),
(3324,	'Cookstown	',	230),
(3325,	'Craigavon	',	230),
(3326,	'Derry	',	230),
(3327,	'Down	',	230),
(3328,	'Dungannon and South Tyrone	',	230),
(3329,	'Fermanagh	',	230),
(3330,	'Larne	',	230),
(3331,	'Limavady	',	230),
(3332,	'Lisburn	',	230),
(3333,	'Magherafelt	',	230),
(3334,	'Moyle	',	230),
(3335,	'Newry and Mourne District	',	230),
(3336,	'Newtownabbey	',	230),
(3337,	'North Down	',	230),
(3338,	'Omagh	',	230),
(3339,	'Strabane	',	230),
(3340,	'Barnsley	',	230),
(3341,	'Birmingham	',	230),
(3342,	'Bolton	',	230),
(3343,	'Bradford	',	230),
(3344,	'Bury	',	230),
(3345,	'Calderdale	',	230),
(3346,	'Coventry	',	230),
(3347,	'Doncaster	',	230),
(3348,	'Dudley	',	230),
(3349,	'Gateshead	',	230),
(3350,	'Kirklees	',	230),
(3351,	'Knowsley	',	230),
(3352,	'Leeds	',	230),
(3353,	'Liverpool	',	230),
(3354,	'Manchester	',	230),
(3355,	'Newcastle upon Tyne	',	230),
(3356,	'North Tyneside	',	230),
(3357,	'Oldham	',	230),
(3358,	'Rochdale	',	230),
(3359,	'Rotherham	',	230),
(3360,	'Salford	',	230),
(3361,	'Sandwell	',	230),
(3362,	'Sefton	',	230),
(3363,	'Sheffield	',	230),
(3364,	'Solihull	',	230),
(3365,	'South Tyneside	',	230),
(3366,	'St. Helens	',	230),
(3367,	'Stockport	',	230),
(3368,	'Sunderland	',	230),
(3369,	'Tameside	',	230),
(3370,	'Trafford	',	230),
(3371,	'Wakefield	',	230),
(3372,	'Walsall	',	230),
(3373,	'Wigan	',	230),
(3374,	'Wirral	',	230),
(3375,	'Wolverhampton	',	230),
(3376,	'Northern Ireland	',	230),
(3377,	'Buckinghamshire	',	230),
(3378,	'Cambridgeshire	',	230),
(3379,	'Cumbria	',	230),
(3380,	'Derbyshire	',	230),
(3381,	'Devon	',	230),
(3382,	'Dorset	',	230),
(3383,	'East Sussex	',	230),
(3384,	'Essex	',	230),
(3385,	'Gloucestershire	',	230),
(3386,	'Hampshire	',	230),
(3387,	'Hertfordshire	',	230),
(3388,	'Kent	',	230),
(3389,	'Lancashire	',	230),
(3390,	'Leicestershire	',	230),
(3391,	'Lincolnshire	',	230),
(3392,	'Norfolk	',	230),
(3393,	'North Yorkshire	',	230),
(3394,	'Northamptonshire	',	230),
(3395,	'Nottinghamshire	',	230),
(3396,	'Oxfordshire	',	230),
(3397,	'Somerset	',	230),
(3398,	'Staffordshire	',	230),
(3399,	'Suffolk	',	230),
(3400,	'Surrey	',	230),
(3401,	'Warwickshire	',	230),
(3402,	'West Sussex	',	230),
(3403,	'Worcestershire	',	230),
(3404,	'Bath and North East Somerset	',	230),
(3405,	'Bedford	',	230),
(3406,	'Blackburn with Darwen	',	230),
(3407,	'Blackpool	',	230),
(3408,	'Blaenau Gwent	',	230),
(3409,	'Bournemouth	',	230),
(3410,	'Bracknell Forest	',	230),
(3411,	'Bridgend	',	230),
(3412,	'Brighton and Hove	',	230),
(3413,	'Bristol, City of	',	230),
(3414,	'Caerphilly	',	230),
(3415,	'Cardiff	',	230),
(3416,	'Carmarthenshire	',	230),
(3417,	'Central Bedfordshire	',	230),
(3418,	'Ceredigion	',	230),
(3419,	'Cheshire East	',	230),
(3420,	'Cheshire West and Chester	',	230),
(3421,	'Conwy	',	230),
(3422,	'Cornwall	',	230),
(3423,	'Darlington	',	230),
(3424,	'Denbighshire	',	230),
(3425,	'Derby	',	230),
(3426,	'Durham, County	',	230),
(3427,	'East Riding of Yorkshire	',	230),
(3428,	'Flintshire	',	230),
(3429,	'Gwynedd	',	230),
(3430,	'Halton	',	230),
(3431,	'Hartlepool	',	230),
(3432,	'Herefordshire	',	230),
(3433,	'Isle of Anglesey	',	230),
(3434,	'Isle of Wight	',	230),
(3435,	'Isles of Scilly	',	230),
(3436,	'Kingston upon Hull	',	230),
(3437,	'Leicester	',	230),
(3438,	'Luton	',	230),
(3439,	'Medway	',	230),
(3440,	'Merthyr Tydfil	',	230),
(3441,	'Middlesbrough	',	230),
(3442,	'Milton Keynes	',	230),
(3443,	'Monmouthshire	',	230),
(3444,	'Neath Port Talbot	',	230),
(3445,	'Newport	',	230),
(3446,	'North East Lincolnshire	',	230),
(3447,	'North Lincolnshire	',	230),
(3448,	'North Somerset	',	230),
(3449,	'Northumberland	',	230),
(3450,	'Nottingham	',	230),
(3451,	'Pembrokeshire	',	230),
(3452,	'Peterborough	',	230),
(3453,	'Plymouth	',	230),
(3454,	'Poole	',	230),
(3455,	'Portsmouth	',	230),
(3456,	'Powys	',	230),
(3457,	'Reading	',	230),
(3458,	'Redcar and Cleveland	',	230),
(3459,	'Rhondda, Cynon, Taff	',	230),
(3460,	'Rutland	',	230),
(3461,	'Shropshire	',	230),
(3462,	'Slough	',	230),
(3463,	'South Gloucestershire	',	230),
(3464,	'Southampton	',	230),
(3465,	'Southend-on-Sea	',	230),
(3466,	'Stockton-on-Tees	',	230),
(3467,	'Stoke-on-Trent	',	230),
(3468,	'Swansea	',	230),
(3469,	'Swindon	',	230),
(3470,	'Telford and Wrekin	',	230),
(3471,	'Thurrock	',	230),
(3472,	'Torbay	',	230),
(3473,	'Torfaen	',	230),
(3474,	'Vale of Glamorgan, The	',	230),
(3475,	'Warrington	',	230),
(3476,	'West Berkshire	',	230),
(3477,	'Wiltshire	',	230),
(3478,	'Windsor and Maidenhead	',	230),
(3479,	'Wokingham	',	230),
(3480,	'Wrexham	',	230),
(3481,	'York	',	230),
(3482,	'District of Columbia	',	231),
(3483,	'American Samoa	',	231),
(3484,	'Guam	',	231),
(3485,	'Northern Mariana Islands	',	231),
(3486,	'Puerto Rico	',	231),
(3487,	'United States Minor Outlying Islands	',	231),
(3488,	'Virgin Islands, U.S.	',	231),
(3489,	'Alabama	',	231),
(3490,	'Alaska	',	231),
(3491,	'Arizona	',	231),
(3492,	'Arkansas	',	231),
(3493,	'California	',	231),
(3494,	'Colorado	',	231),
(3495,	'Connecticut	',	231),
(3496,	'Delaware	',	231),
(3497,	'Florida	',	231),
(3498,	'Georgia	',	231),
(3499,	'Hawaii	',	231),
(3500,	'Idaho	',	231),
(3501,	'Illinois	',	231),
(3502,	'Indiana	',	231),
(3503,	'Iowa	',	231),
(3504,	'Kansas	',	231),
(3505,	'Kentucky	',	231),
(3506,	'Louisiana	',	231),
(3507,	'Maine	',	231),
(3508,	'Maryland	',	231),
(3509,	'Massachusetts	',	231),
(3510,	'Michigan	',	231),
(3511,	'Minnesota	',	231),
(3512,	'Mississippi	',	231),
(3513,	'Missouri	',	231),
(3514,	'Montana	',	231),
(3515,	'Nebraska	',	231),
(3516,	'Nevada	',	231),
(3517,	'New Hampshire	',	231),
(3518,	'New Jersey	',	231),
(3519,	'New Mexico	',	231),
(3520,	'New York	',	231),
(3521,	'North Carolina	',	231),
(3522,	'North Dakota	',	231),
(3523,	'Ohio	',	231),
(3524,	'Oklahoma	',	231),
(3525,	'Oregon	',	231),
(3526,	'Pennsylvania	',	231),
(3527,	'Rhode Island	',	231),
(3528,	'South Carolina	',	231),
(3529,	'South Dakota	',	231),
(3530,	'Tennessee	',	231),
(3531,	'Texas	',	231),
(3532,	'Utah	',	231),
(3533,	'Vermont	',	231),
(3534,	'Virginia	',	231),
(3535,	'Washington	',	231),
(3536,	'West Virginia	',	231),
(3537,	'Wisconsin	',	231),
(3538,	'Wyoming	',	231),
(3539,	'Baker Island	',	232),
(3540,	'Howland Island	',	232),
(3541,	'Jarvis Island	',	232),
(3542,	'Johnston Atoll	',	232),
(3543,	'Kingman Reef	',	232),
(3544,	'Midway Islands	',	232),
(3545,	'Navassa Island	',	232),
(3546,	'Palmyra Atoll	',	232),
(3547,	'Wake Island	',	232),
(3548,	'Artigas	',	233),
(3549,	'Canelones	',	233),
(3550,	'Cerro Largo	',	233),
(3551,	'Colonia	',	233),
(3552,	'Durazno	',	233),
(3553,	'Flores	',	233),
(3554,	'Florida	',	233),
(3555,	'Lavalleja	',	233),
(3556,	'Maldonado	',	233),
(3557,	'Montevideo	',	233),
(3558,	'Paysandú	',	233),
(3559,	'Rivera	',	233),
(3560,	'Rocha	',	233),
(3561,	'Río Negro	',	233),
(3562,	'Salto	',	233),
(3563,	'San José	',	233),
(3564,	'Soriano	',	233),
(3565,	'Tacuarembó	',	233),
(3566,	'Treinta y Tres	',	233),
(3567,	'Andijon	',	234),
(3568,	'Buxoro	',	234),
(3569,	'Farg‘ona	',	234),
(3570,	'Jizzax	',	234),
(3571,	'Namangan	',	234),
(3572,	'Navoiy	',	234),
(3573,	'Qashqadaryo	',	234),
(3574,	'Qoraqalpog‘iston Respublikasi	',	234),
(3575,	'Samarqand	',	234),
(3576,	'Sirdaryo	',	234),
(3577,	'Surxondaryo	',	234),
(3578,	'Toshkent	',	234),
(3579,	'Toshkent	',	234),
(3580,	'Xorazm	',	234),
(3581,	'Malampa	',	235),
(3582,	'Pénama	',	235),
(3583,	'Sanma	',	235),
(3584,	'Shéfa	',	235),
(3585,	'Taféa	',	235),
(3586,	'Torba	',	235),
(3587,	'Amazonas	',	237),
(3588,	'Anzoátegui	',	237),
(3589,	'Apure	',	237),
(3590,	'Aragua	',	237),
(3591,	'Barinas	',	237),
(3592,	'Bolívar	',	237),
(3593,	'Carabobo	',	237),
(3594,	'Cojedes	',	237),
(3595,	'Delta Amacuro	',	237),
(3596,	'Dependencias Federales	',	237),
(3597,	'Distrito Capital	',	237),
(3598,	'Falcón	',	237),
(3599,	'Guárico	',	237),
(3600,	'Lara	',	237),
(3601,	'Miranda	',	237),
(3602,	'Monagas	',	237),
(3603,	'Mérida	',	237),
(3604,	'Nueva Esparta	',	237),
(3605,	'Portuguesa	',	237),
(3606,	'Sucre	',	237),
(3607,	'Trujillo	',	237),
(3608,	'Táchira	',	237),
(3609,	'Vargas	',	237),
(3610,	'Yaracuy	',	237),
(3611,	'Zulia	',	237),
(3612,	'An Giang	',	238),
(3613,	'Bà Rịa–Vũng Tàu	',	238),
(3614,	'Bình Dương	',	238),
(3615,	'Bình Phước	',	238),
(3616,	'Bình Thuận	',	238),
(3617,	'Bình Định	',	238),
(3618,	'Bạc Liêu	',	238),
(3619,	'Bắc Giang	',	238),
(3620,	'Bắc Kạn	',	238),
(3621,	'Bắc Ninh	',	238),
(3622,	'Bến Tre	',	238),
(3623,	'Cao Bằng	',	238),
(3624,	'Cà Mau	',	238),
(3625,	'Cần Thơ	',	238),
(3626,	'Gia Lai	',	238),
(3627,	'Hà Giang	',	238),
(3628,	'Hà Nam	',	238),
(3629,	'Hà Nội	',	238),
(3630,	'Hà Tây	',	238),
(3631,	'Hà Tĩnh	',	238),
(3632,	'Hòa Bình	',	238),
(3633,	'Hưng Yên	',	238),
(3634,	'Hải Dương	',	238),
(3635,	'Hải Phòng	',	238),
(3636,	'Hậu Giang	',	238),
(3637,	'Hồ Chí Minh	',	238),
(3638,	'Khánh Hòa	',	238),
(3639,	'Kiên Giang	',	238),
(3640,	'Kon Tum	',	238),
(3641,	'Lai Châu	',	238),
(3642,	'Long An	',	238),
(3643,	'Lào Cai	',	238),
(3644,	'Lâm Đồng	',	238),
(3645,	'Lạng Sơn	',	238),
(3646,	'Nam Định	',	238),
(3647,	'Nghệ An	',	238),
(3648,	'Ninh Bình	',	238),
(3649,	'Ninh Thuận	',	238),
(3650,	'Phú Thọ	',	238),
(3651,	'Phú Yên	',	238),
(3652,	'Quảng Bình	',	238),
(3653,	'Quảng Nam	',	238),
(3654,	'Quảng Ngãi	',	238),
(3655,	'Quảng Ninh	',	238),
(3656,	'Quảng Trị	',	238),
(3657,	'Sóc Trăng	',	238),
(3658,	'Sơn La	',	238),
(3659,	'Thanh Hóa	',	238),
(3660,	'Thái Bình	',	238),
(3661,	'Thái Nguyên	',	238),
(3662,	'Thừa Thiên–Huế	',	238),
(3663,	'Tiền Giang	',	238),
(3664,	'Trà Vinh	',	238),
(3665,	'Tuyên Quang	',	238),
(3666,	'Tây Ninh	',	238),
(3667,	'Vĩnh Long	',	238),
(3668,	'Vĩnh Phúc	',	238),
(3669,	'Yên Bái	',	238),
(3670,	'Điện Biên	',	238),
(3671,	'Đà Nẵng	',	238),
(3672,	'Đắk Lắk	',	238),
(3673,	'Đắk Nông	',	238),
(3674,	'Đồng Nai	',	238),
(3675,	'Đồng Tháp	',	238),
(3676,	'Adan	',	243),
(3677,	'Amrān	',	243),
(3678,	'Abyān	',	243),
(3679,	'Al Bayḑā	',	243),
(3680,	'Al Jawf	',	243),
(3681,	'Al Mahrah	',	243),
(3682,	'Al Maḩwīt	',	243),
(3683,	'Al Ḩudaydah	',	243),
(3684,	'Aḑ Ḑāli	',	243),
(3685,	'Dhamār	',	243),
(3686,	'Ibb	',	243),
(3687,	'Laḩij	',	243),
(3688,	'Ma rib	',	243),
(3689,	'Raymah	',	243),
(3690,	'Shabwah	',	243),
(3691,	'Tā izz	',	243),
(3692,	'Şan ā 	',	243),
(3693,	'Şan ā 	',	243),
(3694,	'Şā dah	',	243),
(3695,	'Ḩajjah	',	243),
(3696,	'Ḩaḑramawt	',	243),
(3697,	'Central	',	245),
(3698,	'Copperbelt	',	245),
(3699,	'Eastern	',	245),
(3700,	'Luapula	',	245),
(3701,	'Lusaka	',	245),
(3702,	'North-Western	',	245),
(3703,	'Northern	',	245),
(3704,	'Southern	',	245),
(3705,	'Western	',	245),
(3706,	'Bulawayo	',	246),
(3707,	'Harare	',	246),
(3708,	'Manicaland	',	246),
(3709,	'Mashonaland Central	',	246),
(3710,	'Mashonaland East	',	246),
(3711,	'Mashonaland West	',	246),
(3712,	'Masvingo	',	246),
(3713,	'Matabeleland North	',	246),
(3714,	'Matabeleland South	',	246),
(3715,	'Midlands	',	246),
(3716,	'Hong Kong Island	',	247),
(3717,	'Kowloon	',	247),
(3718,	'New Territories	',	247);

DROP TABLE IF EXISTS "auth_group";
DROP SEQUENCE IF EXISTS auth_group_id_seq;
CREATE SEQUENCE auth_group_id_seq INCREMENT 1 MINVALUE 1 MAXVALUE 2147483647 START 1 CACHE 1;

CREATE TABLE "public"."auth_group" (
    "id" integer DEFAULT nextval('auth_group_id_seq') NOT NULL,
    "name" character varying(150) NOT NULL,
    CONSTRAINT "auth_group_name_key" UNIQUE ("name"),
    CONSTRAINT "auth_group_pkey" PRIMARY KEY ("id")
) WITH (oids = false);

CREATE INDEX "auth_group_name_a6ea08ec_like" ON "public"."auth_group" USING btree ("name");


DROP TABLE IF EXISTS "auth_group_permissions";
DROP SEQUENCE IF EXISTS auth_group_permissions_id_seq;
CREATE SEQUENCE auth_group_permissions_id_seq INCREMENT 1 MINVALUE 1 MAXVALUE 2147483647 START 1 CACHE 1;

CREATE TABLE "public"."auth_group_permissions" (
    "id" integer DEFAULT nextval('auth_group_permissions_id_seq') NOT NULL,
    "group_id" integer NOT NULL,
    "permission_id" integer NOT NULL,
    CONSTRAINT "auth_group_permissions_group_id_permission_id_0cd325b0_uniq" UNIQUE ("group_id", "permission_id"),
    CONSTRAINT "auth_group_permissions_pkey" PRIMARY KEY ("id"),
    CONSTRAINT "auth_group_permissio_permission_id_84c5c92e_fk_auth_perm" FOREIGN KEY (permission_id) REFERENCES auth_permission(id) DEFERRABLE INITIALLY DEFERRED DEFERRABLE,
    CONSTRAINT "auth_group_permissions_group_id_b120cbf9_fk_auth_group_id" FOREIGN KEY (group_id) REFERENCES auth_group(id) DEFERRABLE INITIALLY DEFERRED DEFERRABLE
) WITH (oids = false);

CREATE INDEX "auth_group_permissions_group_id_b120cbf9" ON "public"."auth_group_permissions" USING btree ("group_id");

CREATE INDEX "auth_group_permissions_permission_id_84c5c92e" ON "public"."auth_group_permissions" USING btree ("permission_id");


DROP TABLE IF EXISTS "auth_permission";
DROP SEQUENCE IF EXISTS auth_permission_id_seq;
CREATE SEQUENCE auth_permission_id_seq INCREMENT 1 MINVALUE 1 MAXVALUE 2147483647 START 1 CACHE 1;

CREATE TABLE "public"."auth_permission" (
    "id" integer DEFAULT nextval('auth_permission_id_seq') NOT NULL,
    "name" character varying(255) NOT NULL,
    "content_type_id" integer NOT NULL,
    "codename" character varying(100) NOT NULL,
    CONSTRAINT "auth_permission_content_type_id_codename_01ab375a_uniq" UNIQUE ("content_type_id", "codename"),
    CONSTRAINT "auth_permission_pkey" PRIMARY KEY ("id"),
    CONSTRAINT "auth_permission_content_type_id_2f476e4b_fk_django_co" FOREIGN KEY (content_type_id) REFERENCES django_content_type(id) DEFERRABLE INITIALLY DEFERRED DEFERRABLE
) WITH (oids = false);

CREATE INDEX "auth_permission_content_type_id_2f476e4b" ON "public"."auth_permission" USING btree ("content_type_id");

INSERT INTO "auth_permission" ("id", "name", "content_type_id", "codename") VALUES
(1,	'Can add log entry',	1,	'add_logentry'),
(2,	'Can change log entry',	1,	'change_logentry'),
(3,	'Can delete log entry',	1,	'delete_logentry'),
(4,	'Can view log entry',	1,	'view_logentry'),
(5,	'Can add permission',	2,	'add_permission'),
(6,	'Can change permission',	2,	'change_permission'),
(7,	'Can delete permission',	2,	'delete_permission'),
(8,	'Can view permission',	2,	'view_permission'),
(9,	'Can add group',	3,	'add_group'),
(10,	'Can change group',	3,	'change_group'),
(11,	'Can delete group',	3,	'delete_group'),
(12,	'Can view group',	3,	'view_group'),
(13,	'Can add user',	4,	'add_user'),
(14,	'Can change user',	4,	'change_user'),
(15,	'Can delete user',	4,	'delete_user'),
(16,	'Can view user',	4,	'view_user'),
(17,	'Can add content type',	5,	'add_contenttype'),
(18,	'Can change content type',	5,	'change_contenttype'),
(19,	'Can delete content type',	5,	'delete_contenttype'),
(20,	'Can view content type',	5,	'view_contenttype'),
(21,	'Can add session',	6,	'add_session'),
(22,	'Can change session',	6,	'change_session'),
(23,	'Can delete session',	6,	'delete_session'),
(24,	'Can view session',	6,	'view_session'),
(25,	'Can add newsletter',	7,	'add_newsletter'),
(26,	'Can change newsletter',	7,	'change_newsletter'),
(27,	'Can delete newsletter',	7,	'delete_newsletter'),
(28,	'Can view newsletter',	7,	'view_newsletter'),
(29,	'Can add contact',	8,	'add_contact'),
(30,	'Can change contact',	8,	'change_contact'),
(31,	'Can delete contact',	8,	'delete_contact'),
(32,	'Can view contact',	8,	'view_contact'),
(33,	'Can add profile',	9,	'add_profile'),
(34,	'Can change profile',	9,	'change_profile'),
(35,	'Can delete profile',	9,	'delete_profile'),
(36,	'Can view profile',	9,	'view_profile'),
(37,	'Can add association',	10,	'add_association'),
(38,	'Can change association',	10,	'change_association'),
(39,	'Can delete association',	10,	'delete_association'),
(40,	'Can view association',	10,	'view_association'),
(41,	'Can add code',	11,	'add_code'),
(42,	'Can change code',	11,	'change_code'),
(43,	'Can delete code',	11,	'delete_code'),
(44,	'Can view code',	11,	'view_code'),
(45,	'Can add nonce',	12,	'add_nonce'),
(46,	'Can change nonce',	12,	'change_nonce'),
(47,	'Can delete nonce',	12,	'delete_nonce'),
(48,	'Can view nonce',	12,	'view_nonce'),
(49,	'Can add user social auth',	13,	'add_usersocialauth'),
(50,	'Can change user social auth',	13,	'change_usersocialauth'),
(51,	'Can delete user social auth',	13,	'delete_usersocialauth'),
(52,	'Can view user social auth',	13,	'view_usersocialauth'),
(53,	'Can add partial',	14,	'add_partial'),
(54,	'Can change partial',	14,	'change_partial'),
(55,	'Can delete partial',	14,	'delete_partial'),
(56,	'Can view partial',	14,	'view_partial'),
(57,	'Can add country',	15,	'add_country'),
(58,	'Can change country',	15,	'change_country'),
(59,	'Can delete country',	15,	'delete_country'),
(60,	'Can view country',	15,	'view_country'),
(61,	'Can add state',	16,	'add_state'),
(62,	'Can change state',	16,	'change_state'),
(63,	'Can delete state',	16,	'delete_state'),
(64,	'Can view state',	16,	'view_state');

DROP TABLE IF EXISTS "auth_user";
DROP SEQUENCE IF EXISTS auth_user_id_seq;
CREATE SEQUENCE auth_user_id_seq INCREMENT 1 MINVALUE 1 MAXVALUE 2147483647 START 1 CACHE 1;

CREATE TABLE "public"."auth_user" (
    "id" integer DEFAULT nextval('auth_user_id_seq') NOT NULL,
    "password" character varying(128) NOT NULL,
    "last_login" timestamptz,
    "is_superuser" boolean NOT NULL,
    "username" character varying(150) NOT NULL,
    "first_name" character varying(30) NOT NULL,
    "last_name" character varying(150) NOT NULL,
    "email" character varying(254) NOT NULL,
    "is_staff" boolean NOT NULL,
    "is_active" boolean NOT NULL,
    "date_joined" timestamptz NOT NULL,
    CONSTRAINT "auth_user_pkey" PRIMARY KEY ("id"),
    CONSTRAINT "auth_user_username_key" UNIQUE ("username")
) WITH (oids = false);

CREATE INDEX "auth_user_username_6821ab7c_like" ON "public"."auth_user" USING btree ("username");

INSERT INTO "auth_user" ("id", "password", "last_login", "is_superuser", "username", "first_name", "last_name", "email", "is_staff", "is_active", "date_joined") VALUES
(12,	'pbkdf2_sha256$150000$UKrzBhzmHYYf$IU0ZJHHu67RNPia+ZPfPlP/j5zyc+XYVhyLb53e8FJM=',	'2020-02-14 10:18:37.390977+05:30',	'f',	'Rayees',	'Rayees',	'Ac',	'acr9030@gmail.com',	'f',	't',	'2020-02-14 10:18:37.220747+05:30');

DROP TABLE IF EXISTS "auth_user_groups";
DROP SEQUENCE IF EXISTS auth_user_groups_id_seq;
CREATE SEQUENCE auth_user_groups_id_seq INCREMENT 1 MINVALUE 1 MAXVALUE 2147483647 START 1 CACHE 1;

CREATE TABLE "public"."auth_user_groups" (
    "id" integer DEFAULT nextval('auth_user_groups_id_seq') NOT NULL,
    "user_id" integer NOT NULL,
    "group_id" integer NOT NULL,
    CONSTRAINT "auth_user_groups_pkey" PRIMARY KEY ("id"),
    CONSTRAINT "auth_user_groups_user_id_group_id_94350c0c_uniq" UNIQUE ("user_id", "group_id"),
    CONSTRAINT "auth_user_groups_group_id_97559544_fk_auth_group_id" FOREIGN KEY (group_id) REFERENCES auth_group(id) DEFERRABLE INITIALLY DEFERRED DEFERRABLE,
    CONSTRAINT "auth_user_groups_user_id_6a12ed8b_fk_auth_user_id" FOREIGN KEY (user_id) REFERENCES auth_user(id) DEFERRABLE INITIALLY DEFERRED DEFERRABLE
) WITH (oids = false);

CREATE INDEX "auth_user_groups_group_id_97559544" ON "public"."auth_user_groups" USING btree ("group_id");

CREATE INDEX "auth_user_groups_user_id_6a12ed8b" ON "public"."auth_user_groups" USING btree ("user_id");


DROP TABLE IF EXISTS "auth_user_user_permissions";
DROP SEQUENCE IF EXISTS auth_user_user_permissions_id_seq;
CREATE SEQUENCE auth_user_user_permissions_id_seq INCREMENT 1 MINVALUE 1 MAXVALUE 2147483647 START 1 CACHE 1;

CREATE TABLE "public"."auth_user_user_permissions" (
    "id" integer DEFAULT nextval('auth_user_user_permissions_id_seq') NOT NULL,
    "user_id" integer NOT NULL,
    "permission_id" integer NOT NULL,
    CONSTRAINT "auth_user_user_permissions_pkey" PRIMARY KEY ("id"),
    CONSTRAINT "auth_user_user_permissions_user_id_permission_id_14a6b632_uniq" UNIQUE ("user_id", "permission_id"),
    CONSTRAINT "auth_user_user_permi_permission_id_1fbb5f2c_fk_auth_perm" FOREIGN KEY (permission_id) REFERENCES auth_permission(id) DEFERRABLE INITIALLY DEFERRED DEFERRABLE,
    CONSTRAINT "auth_user_user_permissions_user_id_a95ead1b_fk_auth_user_id" FOREIGN KEY (user_id) REFERENCES auth_user(id) DEFERRABLE INITIALLY DEFERRED DEFERRABLE
) WITH (oids = false);

CREATE INDEX "auth_user_user_permissions_permission_id_1fbb5f2c" ON "public"."auth_user_user_permissions" USING btree ("permission_id");

CREATE INDEX "auth_user_user_permissions_user_id_a95ead1b" ON "public"."auth_user_user_permissions" USING btree ("user_id");


DROP TABLE IF EXISTS "django_admin_log";
DROP SEQUENCE IF EXISTS django_admin_log_id_seq;
CREATE SEQUENCE django_admin_log_id_seq INCREMENT 1 MINVALUE 1 MAXVALUE 2147483647 START 1 CACHE 1;

CREATE TABLE "public"."django_admin_log" (
    "id" integer DEFAULT nextval('django_admin_log_id_seq') NOT NULL,
    "action_time" timestamptz NOT NULL,
    "object_id" text,
    "object_repr" character varying(200) NOT NULL,
    "action_flag" smallint NOT NULL,
    "change_message" text NOT NULL,
    "content_type_id" integer,
    "user_id" integer NOT NULL,
    CONSTRAINT "django_admin_log_pkey" PRIMARY KEY ("id"),
    CONSTRAINT "django_admin_log_content_type_id_c4bce8eb_fk_django_co" FOREIGN KEY (content_type_id) REFERENCES django_content_type(id) DEFERRABLE INITIALLY DEFERRED DEFERRABLE,
    CONSTRAINT "django_admin_log_user_id_c564eba6_fk_auth_user_id" FOREIGN KEY (user_id) REFERENCES auth_user(id) DEFERRABLE INITIALLY DEFERRED DEFERRABLE
) WITH (oids = false);

CREATE INDEX "django_admin_log_content_type_id_c4bce8eb" ON "public"."django_admin_log" USING btree ("content_type_id");

CREATE INDEX "django_admin_log_user_id_c564eba6" ON "public"."django_admin_log" USING btree ("user_id");


DROP TABLE IF EXISTS "django_content_type";
DROP SEQUENCE IF EXISTS django_content_type_id_seq;
CREATE SEQUENCE django_content_type_id_seq INCREMENT 1 MINVALUE 1 MAXVALUE 2147483647 START 1 CACHE 1;

CREATE TABLE "public"."django_content_type" (
    "id" integer DEFAULT nextval('django_content_type_id_seq') NOT NULL,
    "app_label" character varying(100) NOT NULL,
    "model" character varying(100) NOT NULL,
    CONSTRAINT "django_content_type_app_label_model_76bd3d3b_uniq" UNIQUE ("app_label", "model"),
    CONSTRAINT "django_content_type_pkey" PRIMARY KEY ("id")
) WITH (oids = false);

INSERT INTO "django_content_type" ("id", "app_label", "model") VALUES
(1,	'admin',	'logentry'),
(2,	'auth',	'permission'),
(3,	'auth',	'group'),
(4,	'auth',	'user'),
(5,	'contenttypes',	'contenttype'),
(6,	'sessions',	'session'),
(7,	'afl_user',	'newsletter'),
(8,	'afl_user',	'contact'),
(9,	'afl_user',	'profile'),
(10,	'social_django',	'association'),
(11,	'social_django',	'code'),
(12,	'social_django',	'nonce'),
(13,	'social_django',	'usersocialauth'),
(14,	'social_django',	'partial'),
(15,	'afl_user',	'country'),
(16,	'afl_user',	'state');

DROP TABLE IF EXISTS "django_migrations";
DROP SEQUENCE IF EXISTS django_migrations_id_seq;
CREATE SEQUENCE django_migrations_id_seq INCREMENT 1 MINVALUE 1 MAXVALUE 2147483647 START 1 CACHE 1;

CREATE TABLE "public"."django_migrations" (
    "id" integer DEFAULT nextval('django_migrations_id_seq') NOT NULL,
    "app" character varying(255) NOT NULL,
    "name" character varying(255) NOT NULL,
    "applied" timestamptz NOT NULL,
    CONSTRAINT "django_migrations_pkey" PRIMARY KEY ("id")
) WITH (oids = false);

INSERT INTO "django_migrations" ("id", "app", "name", "applied") VALUES
(1,	'contenttypes',	'0001_initial',	'2020-01-31 09:23:54.087358+05:30'),
(2,	'auth',	'0001_initial',	'2020-01-31 09:23:54.632337+05:30'),
(3,	'admin',	'0001_initial',	'2020-01-31 09:23:55.560478+05:30'),
(4,	'admin',	'0002_logentry_remove_auto_add',	'2020-01-31 09:23:55.710601+05:30'),
(5,	'admin',	'0003_logentry_add_action_flag_choices',	'2020-01-31 09:23:55.7209+05:30'),
(6,	'contenttypes',	'0002_remove_content_type_name',	'2020-01-31 09:23:55.736097+05:30'),
(7,	'auth',	'0002_alter_permission_name_max_length',	'2020-01-31 09:23:55.74325+05:30'),
(8,	'auth',	'0003_alter_user_email_max_length',	'2020-01-31 09:23:55.754083+05:30'),
(9,	'auth',	'0004_alter_user_username_opts',	'2020-01-31 09:23:55.775512+05:30'),
(10,	'auth',	'0005_alter_user_last_login_null',	'2020-01-31 09:23:55.793355+05:30'),
(11,	'auth',	'0006_require_contenttypes_0002',	'2020-01-31 09:23:55.800183+05:30'),
(12,	'auth',	'0007_alter_validators_add_error_messages',	'2020-01-31 09:23:55.816685+05:30'),
(13,	'auth',	'0008_alter_user_username_max_length',	'2020-01-31 09:23:55.877462+05:30'),
(14,	'auth',	'0009_alter_user_last_name_max_length',	'2020-01-31 09:23:55.919462+05:30'),
(15,	'auth',	'0010_alter_group_name_max_length',	'2020-01-31 09:23:55.946301+05:30'),
(16,	'auth',	'0011_update_proxy_permissions',	'2020-01-31 09:23:55.965943+05:30'),
(17,	'sessions',	'0001_initial',	'2020-01-31 09:23:56.060998+05:30'),
(18,	'afl_user',	'0001_initial',	'2020-02-11 09:27:39.758472+05:30'),
(19,	'afl_user',	'0002_auto_20200211_0522',	'2020-02-11 10:52:48.473352+05:30'),
(20,	'afl_user',	'0003_auto_20200211_0744',	'2020-02-11 13:14:25.793646+05:30'),
(21,	'afl_user',	'0004_contact',	'2020-02-13 10:06:30.369286+05:30'),
(22,	'afl_user',	'0005_auto_20200213_0453',	'2020-02-13 10:23:36.1239+05:30'),
(23,	'afl_user',	'0006_auto_20200213_0455',	'2020-02-13 10:25:15.553728+05:30'),
(25,	'default',	'0001_initial',	'2020-02-13 19:51:35.878338+05:30'),
(26,	'social_auth',	'0001_initial',	'2020-02-13 19:51:35.881475+05:30'),
(27,	'default',	'0002_add_related_name',	'2020-02-13 19:51:36.081821+05:30'),
(28,	'social_auth',	'0002_add_related_name',	'2020-02-13 19:51:36.083668+05:30'),
(29,	'default',	'0003_alter_email_max_length',	'2020-02-13 19:51:36.100674+05:30'),
(30,	'social_auth',	'0003_alter_email_max_length',	'2020-02-13 19:51:36.10452+05:30'),
(31,	'default',	'0004_auto_20160423_0400',	'2020-02-13 19:51:36.142252+05:30'),
(32,	'social_auth',	'0004_auto_20160423_0400',	'2020-02-13 19:51:36.14402+05:30'),
(33,	'social_auth',	'0005_auto_20160727_2333',	'2020-02-13 19:51:36.221047+05:30'),
(34,	'social_django',	'0006_partial',	'2020-02-13 19:51:36.396895+05:30'),
(35,	'social_django',	'0007_code_timestamp',	'2020-02-13 19:51:36.795016+05:30'),
(36,	'social_django',	'0008_partial_timestamp',	'2020-02-13 19:51:37.101265+05:30'),
(37,	'social_django',	'0005_auto_20160727_2333',	'2020-02-13 19:51:37.206151+05:30'),
(38,	'social_django',	'0001_initial',	'2020-02-13 19:51:37.2184+05:30'),
(39,	'social_django',	'0002_add_related_name',	'2020-02-13 19:51:37.226725+05:30'),
(40,	'social_django',	'0003_alter_email_max_length',	'2020-02-13 19:51:37.23555+05:30'),
(41,	'social_django',	'0004_auto_20160423_0400',	'2020-02-13 19:51:37.243713+05:30'),
(42,	'afl_user',	'0006_auto_20200214_0432',	'2020-02-14 10:02:46.622825+05:30'),
(43,	'afl_user',	'0007_auto_20200214_0513',	'2020-02-14 10:43:12.294915+05:30'),
(44,	'afl_user',	'0008_auto_20200214_0642',	'2020-02-14 12:12:31.664343+05:30'),
(45,	'afl_user',	'0009_auto_20200214_0712',	'2020-02-14 12:42:27.788174+05:30');

DROP TABLE IF EXISTS "django_session";
CREATE TABLE "public"."django_session" (
    "session_key" character varying(40) NOT NULL,
    "session_data" text NOT NULL,
    "expire_date" timestamptz NOT NULL,
    CONSTRAINT "django_session_pkey" PRIMARY KEY ("session_key")
) WITH (oids = false);

CREATE INDEX "django_session_expire_date_a5c62663" ON "public"."django_session" USING btree ("expire_date");

CREATE INDEX "django_session_session_key_c0390e0f_like" ON "public"."django_session" USING btree ("session_key");

INSERT INTO "django_session" ("session_key", "session_data", "expire_date") VALUES
('cujzu116xdtcln5tsi2crumquduk5iig',	'MGMzZmJiYzlhYzg5NTczNjkxNWY3YTVjNzJhMzJkYWQyMDZkMzQ4MDp7Il9wYXNzd29yZF9yZXNldF90b2tlbiI6IjVkdi01Y2JlYzA2Y2EyMTEzM2RjYTliYiJ9',	'2020-02-24 10:19:38.160863+05:30'),
('yuvatweyisgnoabqnfr25e1u7rwnptg8',	'YTA0NTBkZDYwNzYwMmNkZmY4YTAyZDE1YWRiZTFjNTU1YWEyOTZhOTp7Il9hdXRoX3VzZXJfaWQiOiIxMiIsIl9hdXRoX3VzZXJfYmFja2VuZCI6ImRqYW5nby5jb250cmliLmF1dGguYmFja2VuZHMuTW9kZWxCYWNrZW5kIiwiX2F1dGhfdXNlcl9oYXNoIjoiZmYzNjc0YTYwNGRlNzQ3ZTBmOGZlZWU4ZDkzNjVjZWQyZGI2YTNjNiJ9',	'2020-02-28 12:22:15.451188+05:30');

DROP TABLE IF EXISTS "newsletter";
DROP SEQUENCE IF EXISTS afl_user_newsletter_id_seq;
CREATE SEQUENCE afl_user_newsletter_id_seq INCREMENT 1 MINVALUE 1 MAXVALUE 2147483647 START 1 CACHE 1;

CREATE TABLE "public"."newsletter" (
    "id" integer DEFAULT nextval('afl_user_newsletter_id_seq') NOT NULL,
    "email" character varying(255) NOT NULL,
    CONSTRAINT "afl_user_newsletter_email_fb5cef3a_uniq" UNIQUE ("email"),
    CONSTRAINT "afl_user_newsletter_pkey" PRIMARY KEY ("id")
) WITH (oids = false);

CREATE INDEX "afl_user_newsletter_email_fb5cef3a_like" ON "public"."newsletter" USING btree ("email");


DROP TABLE IF EXISTS "social_auth_association";
DROP SEQUENCE IF EXISTS social_auth_association_id_seq;
CREATE SEQUENCE social_auth_association_id_seq INCREMENT 1 MINVALUE 1 MAXVALUE 2147483647 START 1 CACHE 1;

CREATE TABLE "public"."social_auth_association" (
    "id" integer DEFAULT nextval('social_auth_association_id_seq') NOT NULL,
    "server_url" character varying(255) NOT NULL,
    "handle" character varying(255) NOT NULL,
    "secret" character varying(255) NOT NULL,
    "issued" integer NOT NULL,
    "lifetime" integer NOT NULL,
    "assoc_type" character varying(64) NOT NULL,
    CONSTRAINT "social_auth_association_pkey" PRIMARY KEY ("id"),
    CONSTRAINT "social_auth_association_server_url_handle_078befa2_uniq" UNIQUE ("server_url", "handle")
) WITH (oids = false);


DROP TABLE IF EXISTS "social_auth_code";
DROP SEQUENCE IF EXISTS social_auth_code_id_seq;
CREATE SEQUENCE social_auth_code_id_seq INCREMENT 1 MINVALUE 1 MAXVALUE 2147483647 START 1 CACHE 1;

CREATE TABLE "public"."social_auth_code" (
    "id" integer DEFAULT nextval('social_auth_code_id_seq') NOT NULL,
    "email" character varying(254) NOT NULL,
    "code" character varying(32) NOT NULL,
    "verified" boolean NOT NULL,
    "timestamp" timestamptz NOT NULL,
    CONSTRAINT "social_auth_code_email_code_801b2d02_uniq" UNIQUE ("email", "code"),
    CONSTRAINT "social_auth_code_pkey" PRIMARY KEY ("id")
) WITH (oids = false);

CREATE INDEX "social_auth_code_code_a2393167" ON "public"."social_auth_code" USING btree ("code");

CREATE INDEX "social_auth_code_code_a2393167_like" ON "public"."social_auth_code" USING btree ("code");

CREATE INDEX "social_auth_code_timestamp_176b341f" ON "public"."social_auth_code" USING btree ("timestamp");


DROP TABLE IF EXISTS "social_auth_nonce";
DROP SEQUENCE IF EXISTS social_auth_nonce_id_seq;
CREATE SEQUENCE social_auth_nonce_id_seq INCREMENT 1 MINVALUE 1 MAXVALUE 2147483647 START 1 CACHE 1;

CREATE TABLE "public"."social_auth_nonce" (
    "id" integer DEFAULT nextval('social_auth_nonce_id_seq') NOT NULL,
    "server_url" character varying(255) NOT NULL,
    "timestamp" integer NOT NULL,
    "salt" character varying(65) NOT NULL,
    CONSTRAINT "social_auth_nonce_pkey" PRIMARY KEY ("id"),
    CONSTRAINT "social_auth_nonce_server_url_timestamp_salt_f6284463_uniq" UNIQUE ("server_url", "timestamp", "salt")
) WITH (oids = false);


DROP TABLE IF EXISTS "social_auth_partial";
DROP SEQUENCE IF EXISTS social_auth_partial_id_seq;
CREATE SEQUENCE social_auth_partial_id_seq INCREMENT 1 MINVALUE 1 MAXVALUE 2147483647 START 1 CACHE 1;

CREATE TABLE "public"."social_auth_partial" (
    "id" integer DEFAULT nextval('social_auth_partial_id_seq') NOT NULL,
    "token" character varying(32) NOT NULL,
    "next_step" smallint NOT NULL,
    "backend" character varying(32) NOT NULL,
    "data" text NOT NULL,
    "timestamp" timestamptz NOT NULL,
    CONSTRAINT "social_auth_partial_pkey" PRIMARY KEY ("id")
) WITH (oids = false);

CREATE INDEX "social_auth_partial_timestamp_50f2119f" ON "public"."social_auth_partial" USING btree ("timestamp");

CREATE INDEX "social_auth_partial_token_3017fea3" ON "public"."social_auth_partial" USING btree ("token");

CREATE INDEX "social_auth_partial_token_3017fea3_like" ON "public"."social_auth_partial" USING btree ("token");


DROP TABLE IF EXISTS "social_auth_usersocialauth";
DROP SEQUENCE IF EXISTS social_auth_usersocialauth_id_seq;
CREATE SEQUENCE social_auth_usersocialauth_id_seq INCREMENT 1 MINVALUE 1 MAXVALUE 2147483647 START 1 CACHE 1;

CREATE TABLE "public"."social_auth_usersocialauth" (
    "id" integer DEFAULT nextval('social_auth_usersocialauth_id_seq') NOT NULL,
    "provider" character varying(32) NOT NULL,
    "uid" character varying(255) NOT NULL,
    "extra_data" text NOT NULL,
    "user_id" integer NOT NULL,
    CONSTRAINT "social_auth_usersocialauth_pkey" PRIMARY KEY ("id"),
    CONSTRAINT "social_auth_usersocialauth_provider_uid_e6b5e668_uniq" UNIQUE ("provider", "uid"),
    CONSTRAINT "social_auth_usersocialauth_user_id_17d28448_fk_auth_user_id" FOREIGN KEY (user_id) REFERENCES auth_user(id) DEFERRABLE INITIALLY DEFERRED DEFERRABLE
) WITH (oids = false);

CREATE INDEX "social_auth_usersocialauth_user_id_17d28448" ON "public"."social_auth_usersocialauth" USING btree ("user_id");


-- 2020-02-18 19:13:12.230573+05:30
